[{"model": "leituras.editora", "pk": 1, "fields": {"nome": "Intr\u00ednseca"}}, {"model": "leituras.editora", "pk": 2, "fields": {"nome": "Arqueiro"}}, {"model": "leituras.editora", "pk": 3, "fields": {"nome": "Rocco"}}, {"model": "leituras.editora", "pk": 4, "fields": {"nome": "L&PM"}}, {"model": "leituras.editora", "pk": 5, "fields": {"nome": "Fundamento"}}, {"model": "leituras.editora", "pk": 6, "fields": {"nome": "Harper Colins"}}, {"model": "leituras.editora", "pk": 7, "fields": {"nome": "Vergara & Riba editoras(V&R)"}}, {"model": "leituras.editora", "pk": 8, "fields": {"nome": "Leya"}}, {"model": "leituras.editora", "pk": 9, "fields": {"nome": "Galera"}}, {"model": "leituras.editora", "pk": 10, "fields": {"nome": "Suma"}}, {"model": "leituras.editora", "pk": 11, "fields": {"nome": "Nova Fronteira"}}, {"model": "leituras.editora", "pk": 12, "fields": {"nome": "Aleph"}}, {"model": "leituras.editora", "pk": 13, "fields": {"nome": "Record"}}, {"model": "leituras.editora", "pk": 14, "fields": {"nome": "\u00c9 realiza\u00e7\u00f5es Editora"}}, {"model": "leituras.editora", "pk": 15, "fields": {"nome": "Novatec"}}, {"model": "leituras.editora", "pk": 16, "fields": {"nome": "Objetiva"}}, {"model": "leituras.editora", "pk": 17, "fields": {"nome": "Dark side"}}, {"model": "leituras.editora", "pk": 18, "fields": {"nome": "Planeta"}}, {"model": "leituras.editora", "pk": 19, "fields": {"nome": "Rba Records"}}, {"model": "leituras.editora", "pk": 20, "fields": {"nome": "Verus"}}, {"model": "leituras.editora", "pk": 21, "fields": {"nome": "Companhia do Bolso"}}, {"model": "leituras.editora", "pk": 22, "fields": {"nome": "Sextante"}}, {"model": "leituras.editora", "pk": 23, "fields": {"nome": "Martin Claret"}}, {"model": "leituras.autor", "pk": 1, "fields": {"nome": "JK", "sobrenome": "Rowling"}}, {"model": "leituras.autor", "pk": 2, "fields": {"nome": "Patrick", "sobrenome": "Rothfuss"}}, {"model": "leituras.autor", "pk": 3, "fields": {"nome": "Neil", "sobrenome": "Gaiman"}}, {"model": "leituras.autor", "pk": 4, "fields": {"nome": "Yuval Noah", "sobrenome": "Harari"}}, {"model": "leituras.autor", "pk": 6, "fields": {"nome": "John", "sobrenome": "Flanagan"}}, {"model": "leituras.autor", "pk": 7, "fields": {"nome": "Arthur Conan", "sobrenome": "Doyle"}}, {"model": "leituras.autor", "pk": 8, "fields": {"nome": "James", "sobrenome": "Dashner"}}, {"model": "leituras.autor", "pk": 9, "fields": {"nome": "John", "sobrenome": "Green"}}, {"model": "leituras.autor", "pk": 10, "fields": {"nome": "NENHUM", "sobrenome": "NENHUM"}}, {"model": "leituras.autor", "pk": 11, "fields": {"nome": "George R.R.", "sobrenome": "Martin"}}, {"model": "leituras.autor", "pk": 12, "fields": {"nome": "Sarah J.", "sobrenome": "Maas"}}, {"model": "leituras.autor", "pk": 13, "fields": {"nome": "Stephen", "sobrenome": "King"}}, {"model": "leituras.autor", "pk": 14, "fields": {"nome": "*", "sobrenome": "Homero"}}, {"model": "leituras.autor", "pk": 15, "fields": {"nome": "Frank", "sobrenome": "Herbert"}}, {"model": "leituras.autor", "pk": 16, "fields": {"nome": "Marcelo", "sobrenome": "Gleiser"}}, {"model": "leituras.autor", "pk": 17, "fields": {"nome": "Rick", "sobrenome": "Riordan"}}, {"model": "leituras.autor", "pk": 18, "fields": {"nome": "Ransom", "sobrenome": "Riggs"}}, {"model": "leituras.autor", "pk": 19, "fields": {"nome": "Ayn", "sobrenome": "Rand"}}, {"model": "leituras.autor", "pk": 20, "fields": {"nome": "Mortimer J.", "sobrenome": "Adler"}}, {"model": "leituras.autor", "pk": 21, "fields": {"nome": "Stephen", "sobrenome": "Hawking"}}, {"model": "leituras.autor", "pk": 22, "fields": {"nome": "Pedro", "sobrenome": "Domingos"}}, {"model": "leituras.autor", "pk": 23, "fields": {"nome": "Joe", "sobrenome": "Abercrombie"}}, {"model": "leituras.autor", "pk": 24, "fields": {"nome": "Cinda Williams", "sobrenome": "Chima"}}, {"model": "leituras.autor", "pk": 25, "fields": {"nome": "Brandon", "sobrenome": "Sanderson"}}, {"model": "leituras.autor", "pk": 26, "fields": {"nome": "Robin", "sobrenome": "Hobb"}}, {"model": "leituras.autor", "pk": 27, "fields": {"nome": "Daniel", "sobrenome": "Kahneman"}}, {"model": "leituras.autor", "pk": 28, "fields": {"nome": "Sara", "sobrenome": "Pennypacker"}}, {"model": "leituras.autor", "pk": 29, "fields": {"nome": "Victor", "sobrenome": "Milan"}}, {"model": "leituras.autor", "pk": 30, "fields": {"nome": "Neil deGrasse", "sobrenome": "Tyson"}}, {"model": "leituras.autor", "pk": 31, "fields": {"nome": "Veronica", "sobrenome": "Roth"}}, {"model": "leituras.autor", "pk": 32, "fields": {"nome": "Julio", "sobrenome": "Verne"}}, {"model": "leituras.autor", "pk": 33, "fields": {"nome": "Eduardo", "sobrenome": "Spohr"}}, {"model": "leituras.autor", "pk": 34, "fields": {"nome": "Cressida", "sobrenome": "Cowell"}}, {"model": "leituras.autor", "pk": 35, "fields": {"nome": "Carl", "sobrenome": "Sagan"}}, {"model": "leituras.autor", "pk": 36, "fields": {"nome": "Leon", "sobrenome": "Tolst\u00f3i"}}, {"model": "leituras.autor", "pk": 37, "fields": {"nome": "Peter", "sobrenome": "Wohlleben"}}, {"model": "leituras.autor", "pk": 38, "fields": {"nome": "Charles", "sobrenome": "Darwin"}}, {"model": "leituras.autor", "pk": 39, "fields": {"nome": "William P.", "sobrenome": "Young"}}, {"model": "leituras.serie", "pk": 1, "fields": {"titulo": "As cr\u00f4nicas do matador do rei", "autor": 2}}, {"model": "leituras.serie", "pk": 2, "fields": {"titulo": "Harry Potter", "autor": 1}}, {"model": "leituras.serie", "pk": 3, "fields": {"titulo": "Rangers - Ordem dos Arqueiros", "autor": 6}}, {"model": "leituras.serie", "pk": 4, "fields": {"titulo": "Brotherband", "autor": 6}}, {"model": "leituras.serie", "pk": 5, "fields": {"titulo": "Sherlock Holmes: Obra Completa", "autor": 7}}, {"model": "leituras.serie", "pk": 6, "fields": {"titulo": "Maze runner", "autor": 8}}, {"model": "leituras.serie", "pk": 7, "fields": {"titulo": "Rangers - A origem", "autor": 6}}, {"model": "leituras.serie", "pk": 9, "fields": {"titulo": "As cronicas de gelo e fogo", "autor": 11}}, {"model": "leituras.serie", "pk": 10, "fields": {"titulo": "Trono de Vidro", "autor": 12}}, {"model": "leituras.serie", "pk": 11, "fields": {"titulo": "Homero", "autor": 14}}, {"model": "leituras.serie", "pk": 12, "fields": {"titulo": "Duna", "autor": 15}}, {"model": "leituras.serie", "pk": 13, "fields": {"titulo": "Magnus chase e os deuses de asgard", "autor": 17}}, {"model": "leituras.serie", "pk": 14, "fields": {"titulo": "A revolta de Atlas", "autor": 19}}, {"model": "leituras.serie", "pk": 15, "fields": {"titulo": "HAWKING", "autor": 21}}, {"model": "leituras.serie", "pk": 16, "fields": {"titulo": "Mar despeda\u00e7ado", "autor": 23}}, {"model": "leituras.serie", "pk": 17, "fields": {"titulo": "Os sete reinos", "autor": 24}}, {"model": "leituras.serie", "pk": 18, "fields": {"titulo": "Saga do assasino", "autor": 26}}, {"model": "leituras.serie", "pk": 19, "fields": {"titulo": "Mistborn: Nascidos da bruma", "autor": 25}}, {"model": "leituras.serie", "pk": 20, "fields": {"titulo": "Os senhores dos dinosauros", "autor": 29}}, {"model": "leituras.serie", "pk": 21, "fields": {"titulo": "Percy Jackson e os Olimpianos", "autor": 17}}, {"model": "leituras.serie", "pk": 22, "fields": {"titulo": "Os herois do olimpo", "autor": 17}}, {"model": "leituras.serie", "pk": 23, "fields": {"titulo": "As prova\u00e7\u00f5es de Apolo", "autor": 17}}, {"model": "leituras.serie", "pk": 24, "fields": {"titulo": "Divergente", "autor": 31}}, {"model": "leituras.serie", "pk": 25, "fields": {"titulo": "Filhos do \u00c9den", "autor": 33}}, {"model": "leituras.serie", "pk": 26, "fields": {"titulo": "Como treinar o seu drag\u00e3o", "autor": 34}}, {"model": "leituras.serie", "pk": 27, "fields": {"titulo": "Percy jackson e a mitologia", "autor": 17}}, {"model": "leituras.livro", "pk": 1, "fields": {"titulo": "Harry Potter e o Calice de Fogo", "isbn": "9788532527875", "autor": 1, "paginas": 535, "editora": 3, "serie": 2, "nSerie": 4}}, {"model": "leituras.livro", "pk": 2, "fields": {"titulo": "A musica do Silencio", "isbn": "9788580413533", "autor": 2, "paginas": 144, "editora": 2, "serie": 1, "nSerie": 0}}, {"model": "leituras.livro", "pk": 3, "fields": {"titulo": "Mitologia N\u00f3rdica", "isbn": "9788551001288", "autor": 3, "paginas": 288, "editora": 1, "serie": null, "nSerie": 0}}, {"model": "leituras.livro", "pk": 4, "fields": {"titulo": "O nome do vento", "isbn": "9788599296493", "autor": 2, "paginas": 651, "editora": 2, "serie": 1, "nSerie": 1}}, {"model": "leituras.livro", "pk": 5, "fields": {"titulo": "O temor do s\u00e1bio", "isbn": "9788580410327", "autor": 2, "paginas": 960, "editora": 2, "serie": 1, "nSerie": 2}}, {"model": "leituras.livro", "pk": 6, "fields": {"titulo": "Sapiens - Uma breve historia da humanidade", "isbn": "9788525432186", "autor": 4, "paginas": 464, "editora": 4, "serie": null, "nSerie": 0}}, {"model": "leituras.livro", "pk": 7, "fields": {"titulo": "Rangers  - Ordem dos Arqueiros 04 - Folha de Carvalho", "isbn": "9788576763864", "autor": 6, "paginas": 288, "editora": 5, "serie": 3, "nSerie": 4}}, {"model": "leituras.livro", "pk": 8, "fields": {"titulo": "Rangers  - Ordem dos Arqueiros 05 - Feiticero do Norte", "isbn": "9788576767480", "autor": 6, "paginas": 288, "editora": 5, "serie": 3, "nSerie": 5}}, {"model": "leituras.livro", "pk": 9, "fields": {"titulo": "Rangers  - Ordem dos Arqueiros 06 - Cerco a Macindaw", "isbn": "9788576768937", "autor": 6, "paginas": 296, "editora": 5, "serie": 3, "nSerie": 6}}, {"model": "leituras.livro", "pk": 10, "fields": {"titulo": "Rangers  - Ordem dos Arqueiros 01 - Ru\u00ednas de Gorlan", "isbn": "9788576762775", "autor": 6, "paginas": 239, "editora": 5, "serie": 3, "nSerie": 1}}, {"model": "leituras.livro", "pk": 11, "fields": {"titulo": "Rangers  - Ordem dos Arqueiros 03 - Terra de Gelo", "isbn": "9788576763222", "autor": 6, "paginas": 256, "editora": 5, "serie": 3, "nSerie": 3}}, {"model": "leituras.livro", "pk": 12, "fields": {"titulo": "Brotherband 2: os invasores", "isbn": "9788539506422", "autor": 6, "paginas": 335, "editora": 5, "serie": 4, "nSerie": 2}}, {"model": "leituras.livro", "pk": 13, "fields": {"titulo": "Sherlock Holmes: Volume 4", "isbn": "9788520922521", "autor": 7, "paginas": 420, "editora": 6, "serie": 5, "nSerie": 4}}, {"model": "leituras.livro", "pk": 14, "fields": {"titulo": "Sherlock Holmes: Volume 3", "isbn": "9788520922514", "autor": 7, "paginas": 468, "editora": 6, "serie": 5, "nSerie": 3}}, {"model": "leituras.livro", "pk": 15, "fields": {"titulo": "Sherlock Holmes: Volume 2", "isbn": "9788520922507", "autor": 7, "paginas": 396, "editora": 6, "serie": 5, "nSerie": 2}}, {"model": "leituras.livro", "pk": 16, "fields": {"titulo": "Sherlock Holmes: Volume 1", "isbn": "9788520922538", "autor": 7, "paginas": 510, "editora": 6, "serie": 5, "nSerie": 1}}, {"model": "leituras.livro", "pk": 17, "fields": {"titulo": "Maze runner: correr ou morrer", "isbn": "9788576832478", "autor": 8, "paginas": 426, "editora": 7, "serie": 6, "nSerie": 1}}, {"model": "leituras.livro", "pk": 18, "fields": {"titulo": "Rangers  - Ordem dos Arqueiros 11 - Historias perdidas", "isbn": "9788539505371", "autor": 6, "paginas": 423, "editora": 5, "serie": 3, "nSerie": 11}}, {"model": "leituras.livro", "pk": 19, "fields": {"titulo": "Rangers  - Ordem dos Arqueiros 10 - Imperador de Nihon-Ja", "isbn": "9788539504770", "autor": 6, "paginas": 424, "editora": 5, "serie": 3, "nSerie": 10}}, {"model": "leituras.livro", "pk": 20, "fields": {"titulo": "Rangers  - Ordem dos Arqueiros 09 - Halt em Perigo", "isbn": "9788539503414", "autor": 6, "paginas": 389, "editora": 5, "serie": 3, "nSerie": 9}}, {"model": "leituras.livro", "pk": 21, "fields": {"titulo": "Rangers  - Ordem dos Arqueiros 08 - Reis de Clonmel", "isbn": "9788539501281", "autor": 6, "paginas": 358, "editora": 5, "serie": 3, "nSerie": 8}}, {"model": "leituras.livro", "pk": 22, "fields": {"titulo": "Rangers  - Ordem dos Arqueiros 07 - Resgate de Erak", "isbn": "9788576768630", "autor": 6, "paginas": 390, "editora": 5, "serie": 3, "nSerie": 7}}, {"model": "leituras.livro", "pk": 23, "fields": {"titulo": "Rangers - A origem 01: O torneiro de Gorlan", "isbn": "9788539507498", "autor": 6, "paginas": 295, "editora": 5, "serie": 7, "nSerie": 1}}, {"model": "leituras.livro", "pk": 24, "fields": {"titulo": "O teorema Katherine", "isbn": "9788580573152", "autor": 9, "paginas": 304, "editora": 1, "serie": null, "nSerie": 0}}, {"model": "leituras.livro", "pk": 25, "fields": {"titulo": "A furia dos reis", "isbn": "9788544102930", "autor": 11, "paginas": 651, "editora": 8, "serie": 9, "nSerie": 2}}, {"model": "leituras.livro", "pk": 26, "fields": {"titulo": "A guerra dos tronos", "isbn": "9788562936524", "autor": 11, "paginas": 662, "editora": 8, "serie": 9, "nSerie": 1}}, {"model": "leituras.livro", "pk": 27, "fields": {"titulo": "Trono de vidro", "isbn": "9788501401380", "autor": 12, "paginas": 390, "editora": 9, "serie": 10, "nSerie": 1}}, {"model": "leituras.livro", "pk": 28, "fields": {"titulo": "Sobre a escrita", "isbn": "9788581052779", "autor": 13, "paginas": 255, "editora": 10, "serie": null, "nSerie": 0}}, {"model": "leituras.livro", "pk": 29, "fields": {"titulo": "Quatro Esta\u00e7\u00f5es", "isbn": "9788581050157", "autor": 13, "paginas": 556, "editora": 10, "serie": null, "nSerie": 0}}, {"model": "leituras.livro", "pk": 30, "fields": {"titulo": "Il\u00edada", "isbn": "9788520936825", "autor": 14, "paginas": 533, "editora": 11, "serie": 11, "nSerie": 0}}, {"model": "leituras.livro", "pk": 31, "fields": {"titulo": "Odisseia", "isbn": "9788520936832", "autor": 14, "paginas": 419, "editora": 11, "serie": 11, "nSerie": 0}}, {"model": "leituras.livro", "pk": 32, "fields": {"titulo": "Duna", "isbn": "9788576573135", "autor": 15, "paginas": 673, "editora": 12, "serie": 12, "nSerie": 1}}, {"model": "leituras.livro", "pk": 33, "fields": {"titulo": "Cria\u00e7\u00e3o imperfeita", "isbn": "978501089977", "autor": 16, "paginas": 366, "editora": 13, "serie": null, "nSerie": 0}}, {"model": "leituras.livro", "pk": 34, "fields": {"titulo": "Magnus Chase,  o navio dos mortos", "isbn": "978855100247", "autor": 17, "paginas": 361, "editora": 1, "serie": 13, "nSerie": 3}}, {"model": "leituras.livro", "pk": 35, "fields": {"titulo": "magnus chase, o martelo de thor", "isbn": "9788551000700", "autor": 17, "paginas": 396, "editora": 1, "serie": 13, "nSerie": 2}}, {"model": "leituras.livro", "pk": 36, "fields": {"titulo": "Magnus Chase, a Espada do Ver\u00e3o", "isbn": "9788580577952", "autor": 17, "paginas": 444, "editora": 1, "serie": 13, "nSerie": 1}}, {"model": "leituras.livro", "pk": 37, "fields": {"titulo": "o orfanato da srta. Peregrine para crian\u00e7as peculiares", "isbn": "9788544104897", "autor": 18, "paginas": 335, "editora": 8, "serie": null, "nSerie": 0}}, {"model": "leituras.livro", "pk": 38, "fields": {"titulo": "A revolta de atlas III", "isbn": "9788599296837", "autor": 19, "paginas": 495, "editora": 2, "serie": 14, "nSerie": 3}}, {"model": "leituras.livro", "pk": 39, "fields": {"titulo": "A revolta de atlas II", "isbn": "*", "autor": 19, "paginas": 381, "editora": 2, "serie": 14, "nSerie": 2}}, {"model": "leituras.livro", "pk": 40, "fields": {"titulo": "A revolta de atlas I", "isbn": "*", "autor": 19, "paginas": 351, "editora": 2, "serie": 14, "nSerie": 1}}, {"model": "leituras.livro", "pk": 41, "fields": {"titulo": "Como ler livros", "isbn": "9788588062894", "autor": 20, "paginas": 432, "editora": 14, "serie": null, "nSerie": 0}}, {"model": "leituras.livro", "pk": 42, "fields": {"titulo": "Uma breve historia do tempo", "isbn": "9788580576467", "autor": 21, "paginas": 255, "editora": 1, "serie": 15, "nSerie": 0}}, {"model": "leituras.livro", "pk": 43, "fields": {"titulo": "O universo numa casca de noz", "isbn": "9788580578881", "autor": 21, "paginas": 223, "editora": 1, "serie": 15, "nSerie": 0}}, {"model": "leituras.livro", "pk": 44, "fields": {"titulo": "O algoritmo mestre", "isbn": "9788575225387", "autor": 22, "paginas": 341, "editora": 15, "serie": null, "nSerie": 0}}, {"model": "leituras.livro", "pk": 45, "fields": {"titulo": "Meio Rei", "isbn": "9788580415612", "autor": 23, "paginas": 288, "editora": 2, "serie": 16, "nSerie": 1}}, {"model": "leituras.livro", "pk": 46, "fields": {"titulo": "O rei dem\u00f4nio", "isbn": "9788581052212", "autor": 24, "paginas": 379, "editora": 10, "serie": 17, "nSerie": 1}}, {"model": "leituras.livro", "pk": 47, "fields": {"titulo": "Elantris", "isbn": "9788580445046", "autor": 25, "paginas": 574, "editora": 8, "serie": null, "nSerie": 0}}, {"model": "leituras.livro", "pk": 48, "fields": {"titulo": "Mesias de Duna", "isbn": "9788576573821", "autor": 15, "paginas": 268, "editora": 12, "serie": 12, "nSerie": 2}}, {"model": "leituras.livro", "pk": 49, "fields": {"titulo": "O aprendiz de Assasino", "isbn": "9788580449983", "autor": 26, "paginas": 414, "editora": 8, "serie": 18, "nSerie": 1}}, {"model": "leituras.livro", "pk": 50, "fields": {"titulo": "Mistborn: o imp\u00e9rio final I", "isbn": "9788580448641", "autor": 25, "paginas": 607, "editora": 8, "serie": 19, "nSerie": 1}}, {"model": "leituras.livro", "pk": 51, "fields": {"titulo": "R\u00e1pido e devagar: duas formas de pensar", "isbn": "9788539003839", "autor": 27, "paginas": 605, "editora": 16, "serie": null, "nSerie": 0}}, {"model": "leituras.livro", "pk": 52, "fields": {"titulo": "Pax", "isbn": "9788551000229", "autor": 28, "paginas": 280, "editora": 1, "serie": null, "nSerie": 0}}, {"model": "leituras.livro", "pk": 53, "fields": {"titulo": "Brotherband 1:Os exilados", "isbn": "9788539506125", "autor": 6, "paginas": 343, "editora": 5, "serie": 4, "nSerie": 1}}, {"model": "leituras.livro", "pk": 54, "fields": {"titulo": "Os senhores dos dinosauros", "isbn": "9788566636741", "autor": 29, "paginas": 477, "editora": 17, "serie": 20, "nSerie": 1}}, {"model": "leituras.livro", "pk": 55, "fields": {"titulo": "Sonho Febril", "isbn": "9788544101391", "autor": 11, "paginas": 363, "editora": 8, "serie": null, "nSerie": 0}}, {"model": "leituras.livro", "pk": 56, "fields": {"titulo": "A tormenta das espadas", "isbn": "9788580442625", "autor": 11, "paginas": 880, "editora": 8, "serie": 9, "nSerie": 3}}, {"model": "leituras.livro", "pk": 57, "fields": {"titulo": "Origens: catorze bilh\u00f5es de anos de evolu\u00e7\u00e3o c\u00f3smica", "isbn": "9788542205442", "autor": 30, "paginas": 364, "editora": 18, "serie": null, "nSerie": 0}}, {"model": "leituras.livro", "pk": 58, "fields": {"titulo": "Percy Jackson: Os arquivos do semideus", "isbn": "978598078892", "autor": 17, "paginas": 165, "editora": 1, "serie": 21, "nSerie": 0}}, {"model": "leituras.livro", "pk": 59, "fields": {"titulo": "Os diarios do Semideus", "isbn": "9788580573176", "autor": 17, "paginas": 287, "editora": 1, "serie": 22, "nSerie": 0}}, {"model": "leituras.livro", "pk": 60, "fields": {"titulo": "PJO: O ladr\u00e3o de raios", "isbn": "9788580575392", "autor": 17, "paginas": 387, "editora": 1, "serie": 21, "nSerie": 1}}, {"model": "leituras.livro", "pk": 62, "fields": {"titulo": "PJO: O mar de monstros", "isbn": "9788580575408", "autor": 17, "paginas": 286, "editora": 1, "serie": 21, "nSerie": 2}}, {"model": "leituras.livro", "pk": 63, "fields": {"titulo": "PJO: A maldi\u00e7\u00e3o do Tit\u00e3", "isbn": "9788580575415", "autor": 17, "paginas": 315, "editora": 1, "serie": 21, "nSerie": 3}}, {"model": "leituras.livro", "pk": 64, "fields": {"titulo": "PJO: A batalha do labirinto", "isbn": "9788580575422", "autor": 17, "paginas": 367, "editora": 1, "serie": 21, "nSerie": 4}}, {"model": "leituras.livro", "pk": 65, "fields": {"titulo": "PJO: O \u00faltimo olimpiano", "isbn": "9788580575439", "autor": 17, "paginas": 383, "editora": 1, "serie": 21, "nSerie": 5}}, {"model": "leituras.livro", "pk": 66, "fields": {"titulo": "O h\u00e9roi perdido", "isbn": "978580570083", "autor": 17, "paginas": 439, "editora": 1, "serie": 22, "nSerie": 1}}, {"model": "leituras.livro", "pk": 67, "fields": {"titulo": "O filho de netuno", "isbn": "9788580571806", "autor": 17, "paginas": 426, "editora": 1, "serie": 22, "nSerie": 2}}, {"model": "leituras.livro", "pk": 68, "fields": {"titulo": "A marca de Atena", "isbn": "9788580573107", "autor": 17, "paginas": 475, "editora": 1, "serie": 22, "nSerie": 3}}, {"model": "leituras.livro", "pk": 69, "fields": {"titulo": "A casa de hades", "isbn": "9788580574210", "autor": 17, "paginas": 477, "editora": 1, "serie": 22, "nSerie": 4}}, {"model": "leituras.livro", "pk": 70, "fields": {"titulo": "O sangue do Olimpo", "isbn": "9788580575958", "autor": 17, "paginas": 430, "editora": 1, "serie": 22, "nSerie": 5}}, {"model": "leituras.livro", "pk": 71, "fields": {"titulo": "O oraculo oculto", "isbn": "9788580579284", "autor": 17, "paginas": 313, "editora": 1, "serie": 23, "nSerie": 1}}, {"model": "leituras.livro", "pk": 72, "fields": {"titulo": "A profecia das sombras", "isbn": "9788551001714", "autor": 17, "paginas": 334, "editora": 1, "serie": 23, "nSerie": 2}}, {"model": "leituras.livro", "pk": 73, "fields": {"titulo": "Divergente", "isbn": "9788579801310", "autor": 31, "paginas": 502, "editora": 3, "serie": 24, "nSerie": 1}}, {"model": "leituras.livro", "pk": 74, "fields": {"titulo": "Harry Potter e as rel\u00edqueas da morte", "isbn": "9788532527905", "autor": 1, "paginas": 551, "editora": 3, "serie": 2, "nSerie": 7}}, {"model": "leituras.livro", "pk": 75, "fields": {"titulo": "Harry Potter e o Enigma do Pr\u00edncipe", "isbn": "9788532527899", "autor": 1, "paginas": 471, "editora": 3, "serie": 2, "nSerie": 6}}, {"model": "leituras.livro", "pk": 76, "fields": {"titulo": "Harry Potter e a Ordem da F\u00eanix", "isbn": "9788532527882", "autor": 1, "paginas": 703, "editora": 3, "serie": 2, "nSerie": 5}}, {"model": "leituras.livro", "pk": 77, "fields": {"titulo": "Harry Potter e o prisioneiro de Azkaban", "isbn": "9788532527868", "autor": 1, "paginas": 318, "editora": 3, "serie": 2, "nSerie": 3}}, {"model": "leituras.livro", "pk": 78, "fields": {"titulo": "Harry Potter e a camera secreta", "isbn": "9788532527851", "autor": 1, "paginas": 252, "editora": 3, "serie": 2, "nSerie": 2}}, {"model": "leituras.livro", "pk": 79, "fields": {"titulo": "Harry Potter e a Pedra Filosofal", "isbn": "9788532527844", "autor": 1, "paginas": 223, "editora": 3, "serie": 2, "nSerie": 1}}, {"model": "leituras.livro", "pk": 80, "fields": {"titulo": "Harry Potter e a Crian\u00e7a Amaldi\u00e7oada", "isbn": "9788532530424", "autor": 10, "paginas": 341, "editora": 3, "serie": null, "nSerie": 0}}, {"model": "leituras.livro", "pk": 81, "fields": {"titulo": "Vinte mil leguas submarinas", "isbn": "8447328511(10", "autor": 32, "paginas": 528, "editora": 19, "serie": null, "nSerie": 0}}, {"model": "leituras.livro", "pk": 82, "fields": {"titulo": "Filhos do \u00c9den:Herdeiros de Atl\u00e2ntida", "isbn": "9788576861416", "autor": 33, "paginas": 471, "editora": 20, "serie": 25, "nSerie": 1}}, {"model": "leituras.livro", "pk": 83, "fields": {"titulo": "Filhos do \u00c9den: Anjos da Morte", "isbn": "9788576862451", "autor": 33, "paginas": 585, "editora": 20, "serie": 25, "nSerie": 2}}, {"model": "leituras.livro", "pk": 84, "fields": {"titulo": "Filhos do \u00c9den: Paraiso Perdido", "isbn": "9788576864752", "autor": 33, "paginas": 555, "editora": 20, "serie": 25, "nSerie": 3}}, {"model": "leituras.livro", "pk": 85, "fields": {"titulo": "PJO: Guia definitivo", "isbn": "9788580574913", "autor": 17, "paginas": 146, "editora": 1, "serie": 21, "nSerie": 0}}, {"model": "leituras.livro", "pk": 86, "fields": {"titulo": "Guia do Her\u00f3i para vencer drag\u00f5es mortais", "isbn": "9788580570618", "autor": 34, "paginas": 199, "editora": 1, "serie": 26, "nSerie": 0}}, {"model": "leituras.livro", "pk": 87, "fields": {"titulo": "Bilh\u00f5es e bilh\u00f5es", "isbn": "9788535911947", "autor": 35, "paginas": 287, "editora": 21, "serie": null, "nSerie": 0}}, {"model": "leituras.livro", "pk": 88, "fields": {"titulo": "Guerra e Paz", "isbn": "9788525416711", "autor": 36, "paginas": 360, "editora": 4, "serie": null, "nSerie": 0}}, {"model": "leituras.livro", "pk": 89, "fields": {"titulo": "A vida secreta das \u00e1rvores", "isbn": "9788543104652", "autor": 37, "paginas": 223, "editora": 22, "serie": null, "nSerie": 0}}, {"model": "leituras.livro", "pk": 90, "fields": {"titulo": "A origem das Especies", "isbn": "9788544000250", "autor": 38, "paginas": 641, "editora": 23, "serie": null, "nSerie": 0}}, {"model": "leituras.livro", "pk": 91, "fields": {"titulo": "Percy Jackson e os deuses gregos", "isbn": "9788580576337", "autor": 17, "paginas": 335, "editora": 1, "serie": 27, "nSerie": 1}}, {"model": "leituras.livro", "pk": 92, "fields": {"titulo": "A cabana", "isbn": "9788580416343", "autor": 39, "paginas": 238, "editora": 2, "serie": null, "nSerie": 0}}, {"model": "leituras.leitura_update", "pk": 1, "fields": {"leitura": 2, "tipo": "IN", "pagina": 1, "data": "2018-09-17T06:00:00Z"}}, {"model": "leituras.leitura_update", "pk": 2, "fields": {"leitura": 2, "tipo": "LD", "pagina": 92, "data": "2018-09-22T01:47:30Z"}}, {"model": "leituras.leitura_update", "pk": 18, "fields": {"leitura": 2, "tipo": "LD", "pagina": 94, "data": "2018-09-23T14:46:04.150Z"}}, {"model": "leituras.leitura_update", "pk": 19, "fields": {"leitura": 10, "tipo": "IN", "pagina": 1, "data": "2018-09-23T14:49:04.393Z"}}, {"model": "leituras.leitura_update", "pk": 20, "fields": {"leitura": 10, "tipo": "LD", "pagina": 31, "data": "2018-09-23T14:49:13.609Z"}}, {"model": "leituras.leitura_update", "pk": 23, "fields": {"leitura": 12, "tipo": "IN", "pagina": 1, "data": "2018-09-23T18:44:02.445Z"}}, {"model": "leituras.leitura_update", "pk": 24, "fields": {"leitura": 12, "tipo": "FN", "pagina": 288, "data": "2018-09-23T18:44:07.704Z"}}, {"model": "leituras.leitura_update", "pk": 25, "fields": {"leitura": 2, "tipo": "LD", "pagina": 160, "data": "2018-09-27T02:51:20.120Z"}}, {"model": "leituras.leitura_update", "pk": 26, "fields": {"leitura": 2, "tipo": "LD", "pagina": 200, "data": "2018-09-27T15:07:53.314Z"}}, {"model": "leituras.leitura_update", "pk": 27, "fields": {"leitura": 2, "tipo": "LD", "pagina": 264, "data": "2018-09-28T15:03:39.182Z"}}, {"model": "leituras.leitura_update", "pk": 28, "fields": {"leitura": 2, "tipo": "LD", "pagina": 294, "data": "2018-10-02T00:34:26.523Z"}}, {"model": "leituras.leitura_update", "pk": 29, "fields": {"leitura": 2, "tipo": "LD", "pagina": 342, "data": "2018-10-02T15:51:24.945Z"}}, {"model": "leituras.leitura_update", "pk": 30, "fields": {"leitura": 2, "tipo": "FN", "pagina": 379, "data": "2018-10-08T16:40:35.696Z"}}, {"model": "contenttypes.contenttype", "pk": 1, "fields": {"app_label": "admin", "model": "logentry"}}, {"model": "contenttypes.contenttype", "pk": 2, "fields": {"app_label": "auth", "model": "permission"}}, {"model": "contenttypes.contenttype", "pk": 3, "fields": {"app_label": "auth", "model": "group"}}, {"model": "contenttypes.contenttype", "pk": 4, "fields": {"app_label": "auth", "model": "user"}}, {"model": "contenttypes.contenttype", "pk": 5, "fields": {"app_label": "contenttypes", "model": "contenttype"}}, {"model": "contenttypes.contenttype", "pk": 6, "fields": {"app_label": "sessions", "model": "session"}}, {"model": "contenttypes.contenttype", "pk": 7, "fields": {"app_label": "leituras", "model": "leitura"}}, {"model": "contenttypes.contenttype", "pk": 8, "fields": {"app_label": "leituras", "model": "livro"}}, {"model": "contenttypes.contenttype", "pk": 9, "fields": {"app_label": "leituras", "model": "autor"}}, {"model": "contenttypes.contenttype", "pk": 10, "fields": {"app_label": "leituras", "model": "editora"}}, {"model": "contenttypes.contenttype", "pk": 11, "fields": {"app_label": "leituras", "model": "serie"}}, {"model": "contenttypes.contenttype", "pk": 12, "fields": {"app_label": "leituras", "model": "leitura_update"}}, {"model": "sessions.session", "pk": "1g1h0y7s27uyro73jcargoup6eyxoh40", "fields": {"session_data": "MzM4OWEwNWQyY2RkMDVjZjJhNzJmYmZkNzY2NDgwMjUzMDFlNDYxZjp7Il9hdXRoX3VzZXJfaWQiOiIxIiwiX2F1dGhfdXNlcl9iYWNrZW5kIjoiZGphbmdvLmNvbnRyaWIuYXV0aC5iYWNrZW5kcy5Nb2RlbEJhY2tlbmQiLCJfYXV0aF91c2VyX2hhc2giOiIwY2Y4ZTc1N2U1Nzc3MjRhNGY4ZmZhZWNlNmNlOWMwMmUwMjQyZWU0In0=", "expire_date": "2018-09-28T00:22:08.634Z"}}, {"model": "sessions.session", "pk": "766mgwzfsgtiadqfeiusv72upx87rpl6", "fields": {"session_data": "MzM4OWEwNWQyY2RkMDVjZjJhNzJmYmZkNzY2NDgwMjUzMDFlNDYxZjp7Il9hdXRoX3VzZXJfaWQiOiIxIiwiX2F1dGhfdXNlcl9iYWNrZW5kIjoiZGphbmdvLmNvbnRyaWIuYXV0aC5iYWNrZW5kcy5Nb2RlbEJhY2tlbmQiLCJfYXV0aF91c2VyX2hhc2giOiIwY2Y4ZTc1N2U1Nzc3MjRhNGY4ZmZhZWNlNmNlOWMwMmUwMjQyZWU0In0=", "expire_date": "2018-10-22T16:41:58.238Z"}}, {"model": "sessions.session", "pk": "7v5wyra9iaxrp4jj924sab89ntsqnbo1", "fields": {"session_data": "MzM4OWEwNWQyY2RkMDVjZjJhNzJmYmZkNzY2NDgwMjUzMDFlNDYxZjp7Il9hdXRoX3VzZXJfaWQiOiIxIiwiX2F1dGhfdXNlcl9iYWNrZW5kIjoiZGphbmdvLmNvbnRyaWIuYXV0aC5iYWNrZW5kcy5Nb2RlbEJhY2tlbmQiLCJfYXV0aF91c2VyX2hhc2giOiIwY2Y4ZTc1N2U1Nzc3MjRhNGY4ZmZhZWNlNmNlOWMwMmUwMjQyZWU0In0=", "expire_date": "2018-10-06T22:30:28.039Z"}}, {"model": "sessions.session", "pk": "awsxqubnq2t8bhm1lnmzq3ha9d18dgw3", "fields": {"session_data": "MzM4OWEwNWQyY2RkMDVjZjJhNzJmYmZkNzY2NDgwMjUzMDFlNDYxZjp7Il9hdXRoX3VzZXJfaWQiOiIxIiwiX2F1dGhfdXNlcl9iYWNrZW5kIjoiZGphbmdvLmNvbnRyaWIuYXV0aC5iYWNrZW5kcy5Nb2RlbEJhY2tlbmQiLCJfYXV0aF91c2VyX2hhc2giOiIwY2Y4ZTc1N2U1Nzc3MjRhNGY4ZmZhZWNlNmNlOWMwMmUwMjQyZWU0In0=", "expire_date": "2018-10-11T15:08:41.963Z"}}, {"model": "sessions.session", "pk": "e09ax7tse2zljmg2g8q9pajwp8apaa1d", "fields": {"session_data": "MzM4OWEwNWQyY2RkMDVjZjJhNzJmYmZkNzY2NDgwMjUzMDFlNDYxZjp7Il9hdXRoX3VzZXJfaWQiOiIxIiwiX2F1dGhfdXNlcl9iYWNrZW5kIjoiZGphbmdvLmNvbnRyaWIuYXV0aC5iYWNrZW5kcy5Nb2RlbEJhY2tlbmQiLCJfYXV0aF91c2VyX2hhc2giOiIwY2Y4ZTc1N2U1Nzc3MjRhNGY4ZmZhZWNlNmNlOWMwMmUwMjQyZWU0In0=", "expire_date": "2018-05-23T19:09:00.324Z"}}, {"model": "sessions.session", "pk": "eemnk8zsyzms7r7orsbqgcole3nidkmw", "fields": {"session_data": "MzM4OWEwNWQyY2RkMDVjZjJhNzJmYmZkNzY2NDgwMjUzMDFlNDYxZjp7Il9hdXRoX3VzZXJfaWQiOiIxIiwiX2F1dGhfdXNlcl9iYWNrZW5kIjoiZGphbmdvLmNvbnRyaWIuYXV0aC5iYWNrZW5kcy5Nb2RlbEJhY2tlbmQiLCJfYXV0aF91c2VyX2hhc2giOiIwY2Y4ZTc1N2U1Nzc3MjRhNGY4ZmZhZWNlNmNlOWMwMmUwMjQyZWU0In0=", "expire_date": "2018-10-08T17:51:46.517Z"}}, {"model": "sessions.session", "pk": "hp1d38z1vpt6ji9cg6y7ih8m0fpbzsw5", "fields": {"session_data": "MzM4OWEwNWQyY2RkMDVjZjJhNzJmYmZkNzY2NDgwMjUzMDFlNDYxZjp7Il9hdXRoX3VzZXJfaWQiOiIxIiwiX2F1dGhfdXNlcl9iYWNrZW5kIjoiZGphbmdvLmNvbnRyaWIuYXV0aC5iYWNrZW5kcy5Nb2RlbEJhY2tlbmQiLCJfYXV0aF91c2VyX2hhc2giOiIwY2Y4ZTc1N2U1Nzc3MjRhNGY4ZmZhZWNlNmNlOWMwMmUwMjQyZWU0In0=", "expire_date": "2018-04-22T14:52:53.718Z"}}, {"model": "sessions.session", "pk": "jzvyebhmqsq0cv11udi75gk8926tsha2", "fields": {"session_data": "MzM4OWEwNWQyY2RkMDVjZjJhNzJmYmZkNzY2NDgwMjUzMDFlNDYxZjp7Il9hdXRoX3VzZXJfaWQiOiIxIiwiX2F1dGhfdXNlcl9iYWNrZW5kIjoiZGphbmdvLmNvbnRyaWIuYXV0aC5iYWNrZW5kcy5Nb2RlbEJhY2tlbmQiLCJfYXV0aF91c2VyX2hhc2giOiIwY2Y4ZTc1N2U1Nzc3MjRhNGY4ZmZhZWNlNmNlOWMwMmUwMjQyZWU0In0=", "expire_date": "2018-04-22T15:18:43.303Z"}}, {"model": "sessions.session", "pk": "mthwywyo0ng4ch2kmj7zcc2kkxyigmcy", "fields": {"session_data": "MzM4OWEwNWQyY2RkMDVjZjJhNzJmYmZkNzY2NDgwMjUzMDFlNDYxZjp7Il9hdXRoX3VzZXJfaWQiOiIxIiwiX2F1dGhfdXNlcl9iYWNrZW5kIjoiZGphbmdvLmNvbnRyaWIuYXV0aC5iYWNrZW5kcy5Nb2RlbEJhY2tlbmQiLCJfYXV0aF91c2VyX2hhc2giOiIwY2Y4ZTc1N2U1Nzc3MjRhNGY4ZmZhZWNlNmNlOWMwMmUwMjQyZWU0In0=", "expire_date": "2018-04-28T13:09:10.257Z"}}, {"model": "sessions.session", "pk": "payh00uytfbhai4zmzd98z1ub30ug5bz", "fields": {"session_data": "MzM4OWEwNWQyY2RkMDVjZjJhNzJmYmZkNzY2NDgwMjUzMDFlNDYxZjp7Il9hdXRoX3VzZXJfaWQiOiIxIiwiX2F1dGhfdXNlcl9iYWNrZW5kIjoiZGphbmdvLmNvbnRyaWIuYXV0aC5iYWNrZW5kcy5Nb2RlbEJhY2tlbmQiLCJfYXV0aF91c2VyX2hhc2giOiIwY2Y4ZTc1N2U1Nzc3MjRhNGY4ZmZhZWNlNmNlOWMwMmUwMjQyZWU0In0=", "expire_date": "2018-05-15T13:06:39.059Z"}}, {"model": "sessions.session", "pk": "rfbk7caed3gzuyal08c2et555k2uqkse", "fields": {"session_data": "MzM4OWEwNWQyY2RkMDVjZjJhNzJmYmZkNzY2NDgwMjUzMDFlNDYxZjp7Il9hdXRoX3VzZXJfaWQiOiIxIiwiX2F1dGhfdXNlcl9iYWNrZW5kIjoiZGphbmdvLmNvbnRyaWIuYXV0aC5iYWNrZW5kcy5Nb2RlbEJhY2tlbmQiLCJfYXV0aF91c2VyX2hhc2giOiIwY2Y4ZTc1N2U1Nzc3MjRhNGY4ZmZhZWNlNmNlOWMwMmUwMjQyZWU0In0=", "expire_date": "2018-09-27T15:58:45.639Z"}}, {"model": "sessions.session", "pk": "zqpyv4gc4qme1eghyrity9li4igiqkeh", "fields": {"session_data": "MzM4OWEwNWQyY2RkMDVjZjJhNzJmYmZkNzY2NDgwMjUzMDFlNDYxZjp7Il9hdXRoX3VzZXJfaWQiOiIxIiwiX2F1dGhfdXNlcl9iYWNrZW5kIjoiZGphbmdvLmNvbnRyaWIuYXV0aC5iYWNrZW5kcy5Nb2RlbEJhY2tlbmQiLCJfYXV0aF91c2VyX2hhc2giOiIwY2Y4ZTc1N2U1Nzc3MjRhNGY4ZmZhZWNlNmNlOWMwMmUwMjQyZWU0In0=", "expire_date": "2018-10-06T18:31:33.174Z"}}, {"model": "auth.permission", "pk": 1, "fields": {"name": "Can add log entry", "content_type": 1, "codename": "add_logentry"}}, {"model": "auth.permission", "pk": 2, "fields": {"name": "Can change log entry", "content_type": 1, "codename": "change_logentry"}}, {"model": "auth.permission", "pk": 3, "fields": {"name": "Can delete log entry", "content_type": 1, "codename": "delete_logentry"}}, {"model": "auth.permission", "pk": 4, "fields": {"name": "Can add permission", "content_type": 2, "codename": "add_permission"}}, {"model": "auth.permission", "pk": 5, "fields": {"name": "Can change permission", "content_type": 2, "codename": "change_permission"}}, {"model": "auth.permission", "pk": 6, "fields": {"name": "Can delete permission", "content_type": 2, "codename": "delete_permission"}}, {"model": "auth.permission", "pk": 7, "fields": {"name": "Can add group", "content_type": 3, "codename": "add_group"}}, {"model": "auth.permission", "pk": 8, "fields": {"name": "Can change group", "content_type": 3, "codename": "change_group"}}, {"model": "auth.permission", "pk": 9, "fields": {"name": "Can delete group", "content_type": 3, "codename": "delete_group"}}, {"model": "auth.permission", "pk": 10, "fields": {"name": "Can add user", "content_type": 4, "codename": "add_user"}}, {"model": "auth.permission", "pk": 11, "fields": {"name": "Can change user", "content_type": 4, "codename": "change_user"}}, {"model": "auth.permission", "pk": 12, "fields": {"name": "Can delete user", "content_type": 4, "codename": "delete_user"}}, {"model": "auth.permission", "pk": 13, "fields": {"name": "Can add content type", "content_type": 5, "codename": "add_contenttype"}}, {"model": "auth.permission", "pk": 14, "fields": {"name": "Can change content type", "content_type": 5, "codename": "change_contenttype"}}, {"model": "auth.permission", "pk": 15, "fields": {"name": "Can delete content type", "content_type": 5, "codename": "delete_contenttype"}}, {"model": "auth.permission", "pk": 16, "fields": {"name": "Can add session", "content_type": 6, "codename": "add_session"}}, {"model": "auth.permission", "pk": 17, "fields": {"name": "Can change session", "content_type": 6, "codename": "change_session"}}, {"model": "auth.permission", "pk": 18, "fields": {"name": "Can delete session", "content_type": 6, "codename": "delete_session"}}, {"model": "auth.permission", "pk": 19, "fields": {"name": "Can add laitura", "content_type": 7, "codename": "add_laitura"}}, {"model": "auth.permission", "pk": 20, "fields": {"name": "Can change laitura", "content_type": 7, "codename": "change_laitura"}}, {"model": "auth.permission", "pk": 21, "fields": {"name": "Can delete laitura", "content_type": 7, "codename": "delete_laitura"}}, {"model": "auth.permission", "pk": 22, "fields": {"name": "Can add livro", "content_type": 8, "codename": "add_livro"}}, {"model": "auth.permission", "pk": 23, "fields": {"name": "Can change livro", "content_type": 8, "codename": "change_livro"}}, {"model": "auth.permission", "pk": 24, "fields": {"name": "Can delete livro", "content_type": 8, "codename": "delete_livro"}}, {"model": "auth.permission", "pk": 25, "fields": {"name": "Can add autor", "content_type": 9, "codename": "add_autor"}}, {"model": "auth.permission", "pk": 26, "fields": {"name": "Can change autor", "content_type": 9, "codename": "change_autor"}}, {"model": "auth.permission", "pk": 27, "fields": {"name": "Can delete autor", "content_type": 9, "codename": "delete_autor"}}, {"model": "auth.permission", "pk": 28, "fields": {"name": "Can add leitura", "content_type": 7, "codename": "add_leitura"}}, {"model": "auth.permission", "pk": 29, "fields": {"name": "Can change leitura", "content_type": 7, "codename": "change_leitura"}}, {"model": "auth.permission", "pk": 30, "fields": {"name": "Can delete leitura", "content_type": 7, "codename": "delete_leitura"}}, {"model": "auth.permission", "pk": 31, "fields": {"name": "Can add editora", "content_type": 10, "codename": "add_editora"}}, {"model": "auth.permission", "pk": 32, "fields": {"name": "Can change editora", "content_type": 10, "codename": "change_editora"}}, {"model": "auth.permission", "pk": 33, "fields": {"name": "Can delete editora", "content_type": 10, "codename": "delete_editora"}}, {"model": "auth.permission", "pk": 34, "fields": {"name": "Can add serie", "content_type": 11, "codename": "add_serie"}}, {"model": "auth.permission", "pk": 35, "fields": {"name": "Can change serie", "content_type": 11, "codename": "change_serie"}}, {"model": "auth.permission", "pk": 36, "fields": {"name": "Can delete serie", "content_type": 11, "codename": "delete_serie"}}, {"model": "auth.permission", "pk": 37, "fields": {"name": "Can add leitura_ update", "content_type": 12, "codename": "add_leitura_update"}}, {"model": "auth.permission", "pk": 38, "fields": {"name": "Can change leitura_ update", "content_type": 12, "codename": "change_leitura_update"}}, {"model": "auth.permission", "pk": 39, "fields": {"name": "Can delete leitura_ update", "content_type": 12, "codename": "delete_leitura_update"}}, {"model": "auth.permission", "pk": 40, "fields": {"name": "Can view autor", "content_type": 9, "codename": "view_autor"}}, {"model": "auth.permission", "pk": 41, "fields": {"name": "Can view livro", "content_type": 8, "codename": "view_livro"}}, {"model": "auth.permission", "pk": 42, "fields": {"name": "Can view leitura", "content_type": 7, "codename": "view_leitura"}}, {"model": "auth.permission", "pk": 43, "fields": {"name": "Can view editora", "content_type": 10, "codename": "view_editora"}}, {"model": "auth.permission", "pk": 44, "fields": {"name": "Can view serie", "content_type": 11, "codename": "view_serie"}}, {"model": "auth.permission", "pk": 45, "fields": {"name": "Can view leitura_ update", "content_type": 12, "codename": "view_leitura_update"}}, {"model": "auth.permission", "pk": 46, "fields": {"name": "Can view log entry", "content_type": 1, "codename": "view_logentry"}}, {"model": "auth.permission", "pk": 47, "fields": {"name": "Can view permission", "content_type": 2, "codename": "view_permission"}}, {"model": "auth.permission", "pk": 48, "fields": {"name": "Can view group", "content_type": 3, "codename": "view_group"}}, {"model": "auth.permission", "pk": 49, "fields": {"name": "Can view user", "content_type": 4, "codename": "view_user"}}, {"model": "auth.permission", "pk": 50, "fields": {"name": "Can view content type", "content_type": 5, "codename": "view_contenttype"}}, {"model": "auth.permission", "pk": 51, "fields": {"name": "Can view session", "content_type": 6, "codename": "view_session"}}, {"model": "auth.user", "pk": 1, "fields": {"password": "pbkdf2_sha256$100000$P2hiWVbJH6k7$GXL1sPeetnP2WBnGnkjz++vJtDSvVp9oX/6PB4jGeqo=", "last_login": "2018-10-08T16:41:58.159Z", "is_superuser": true, "username": "vini84200", "first_name": "", "last_name": "", "email": "www.vini84200@hotmail.com", "is_staff": true, "is_active": true, "date_joined": "2018-04-06T19:06:35.083Z", "groups": [], "user_permissions": []}}, {"model": "auth.user", "pk": 2, "fields": {"password": "pbkdf2_sha256$100000$qFUCouOgLPcz$irGOwF0uMvp/JEOp/st4J1n7b2BWJFsHUFlaqHQ1zAg=", "last_login": null, "is_superuser": false, "username": "sinesio", "first_name": "Sinesio", "last_name": "Fritzen", "email": "www.sinesiojose.fritzen3@hotmail.com.br", "is_staff": false, "is_active": true, "date_joined": "2018-09-23T18:27:11Z", "groups": [], "user_permissions": []}}, {"model": "admin.logentry", "pk": 1, "fields": {"action_time": "2018-04-08T17:13:26.778Z", "user": 1, "content_type": 9, "object_id": "2", "object_repr": "Rothfuss, Patrick", "action_flag": 1, "change_message": "[{\"added\": {}}]"}}, {"model": "admin.logentry", "pk": 2, "fields": {"action_time": "2018-04-08T17:13:46.269Z", "user": 1, "content_type": 8, "object_id": "2", "object_repr": "A musica do Silencio, por Rothfuss, Patrick", "action_flag": 1, "change_message": "[{\"added\": {}}]"}}, {"model": "admin.logentry", "pk": 3, "fields": {"action_time": "2018-04-08T17:14:51.036Z", "user": 1, "content_type": 9, "object_id": "3", "object_repr": "Gaiman, Neil", "action_flag": 1, "change_message": "[{\"added\": {}}]"}}, {"model": "admin.logentry", "pk": 4, "fields": {"action_time": "2018-04-08T17:15:11.683Z", "user": 1, "content_type": 8, "object_id": "3", "object_repr": "Mitologia N\u00f3rdica, por Gaiman, Neil", "action_flag": 1, "change_message": "[{\"added\": {}}]"}}, {"model": "admin.logentry", "pk": 5, "fields": {"action_time": "2018-04-08T17:24:52.185Z", "user": 1, "content_type": 10, "object_id": "1", "object_repr": "Intr\u00ednseca", "action_flag": 1, "change_message": "[{\"added\": {}}]"}}, {"model": "admin.logentry", "pk": 6, "fields": {"action_time": "2018-04-08T17:25:04.215Z", "user": 1, "content_type": 8, "object_id": "3", "object_repr": "Mitologia N\u00f3rdica, por Gaiman, Neil", "action_flag": 2, "change_message": "[{\"changed\": {\"fields\": [\"editora\"]}}]"}}, {"model": "admin.logentry", "pk": 7, "fields": {"action_time": "2018-04-08T17:25:07.119Z", "user": 1, "content_type": 8, "object_id": "3", "object_repr": "Mitologia N\u00f3rdica, por Gaiman, Neil", "action_flag": 2, "change_message": "[]"}}, {"model": "admin.logentry", "pk": 8, "fields": {"action_time": "2018-04-08T17:25:19.605Z", "user": 1, "content_type": 10, "object_id": "2", "object_repr": "Arqueiro", "action_flag": 1, "change_message": "[{\"added\": {}}]"}}, {"model": "admin.logentry", "pk": 9, "fields": {"action_time": "2018-04-08T17:25:22.711Z", "user": 1, "content_type": 8, "object_id": "2", "object_repr": "A musica do Silencio, por Rothfuss, Patrick", "action_flag": 2, "change_message": "[{\"changed\": {\"fields\": [\"editora\"]}}]"}}, {"model": "admin.logentry", "pk": 10, "fields": {"action_time": "2018-04-08T17:25:39.652Z", "user": 1, "content_type": 10, "object_id": "3", "object_repr": "Rocco", "action_flag": 1, "change_message": "[{\"added\": {}}]"}}, {"model": "admin.logentry", "pk": 11, "fields": {"action_time": "2018-04-08T17:25:42.529Z", "user": 1, "content_type": 8, "object_id": "1", "object_repr": "Harry Potter e o Calice de Fogo, por Rowling, JK", "action_flag": 2, "change_message": "[{\"changed\": {\"fields\": [\"editora\"]}}]"}}, {"model": "admin.logentry", "pk": 12, "fields": {"action_time": "2018-04-08T18:09:28.873Z", "user": 1, "content_type": 8, "object_id": "4", "object_repr": "O nome do vento, por Rothfuss, Patrick", "action_flag": 1, "change_message": "[{\"added\": {}}]"}}, {"model": "admin.logentry", "pk": 13, "fields": {"action_time": "2018-04-08T18:19:36.429Z", "user": 1, "content_type": 8, "object_id": "5", "object_repr": "O temor do s\u00e1bio, por Rothfuss, Patrick", "action_flag": 1, "change_message": "[{\"added\": {}}]"}}, {"model": "admin.logentry", "pk": 14, "fields": {"action_time": "2018-04-08T18:21:04.611Z", "user": 1, "content_type": 9, "object_id": "4", "object_repr": "Harari, Yuval Noah", "action_flag": 1, "change_message": "[{\"added\": {}}]"}}, {"model": "admin.logentry", "pk": 15, "fields": {"action_time": "2018-04-08T18:21:52.837Z", "user": 1, "content_type": 10, "object_id": "4", "object_repr": "L&PM", "action_flag": 1, "change_message": "[{\"added\": {}}]"}}, {"model": "admin.logentry", "pk": 16, "fields": {"action_time": "2018-04-08T18:21:54.773Z", "user": 1, "content_type": 8, "object_id": "6", "object_repr": "Sapiens - Uma breve historia da humanidade, por Harari, Yuval Noah", "action_flag": 1, "change_message": "[{\"added\": {}}]"}}, {"model": "admin.logentry", "pk": 17, "fields": {"action_time": "2018-04-08T23:03:25.008Z", "user": 1, "content_type": 11, "object_id": "1", "object_repr": "serie object (1)", "action_flag": 1, "change_message": "[{\"added\": {}}]"}}, {"model": "admin.logentry", "pk": 18, "fields": {"action_time": "2018-04-08T23:04:41.478Z", "user": 1, "content_type": 8, "object_id": "5", "object_repr": "O temor do s\u00e1bio, por Rothfuss, Patrick", "action_flag": 2, "change_message": "[{\"changed\": {\"fields\": [\"serie\", \"nSerie\"]}}]"}}, {"model": "admin.logentry", "pk": 19, "fields": {"action_time": "2018-04-08T23:04:53.583Z", "user": 1, "content_type": 8, "object_id": "4", "object_repr": "O nome do vento, por Rothfuss, Patrick", "action_flag": 2, "change_message": "[{\"changed\": {\"fields\": [\"serie\", \"nSerie\"]}}]"}}, {"model": "admin.logentry", "pk": 20, "fields": {"action_time": "2018-04-08T23:05:09.889Z", "user": 1, "content_type": 8, "object_id": "2", "object_repr": "A musica do Silencio, por Rothfuss, Patrick", "action_flag": 2, "change_message": "[{\"changed\": {\"fields\": [\"serie\"]}}]"}}, {"model": "admin.logentry", "pk": 21, "fields": {"action_time": "2018-04-08T23:05:31.023Z", "user": 1, "content_type": 11, "object_id": "2", "object_repr": "serie object (2)", "action_flag": 1, "change_message": "[{\"added\": {}}]"}}, {"model": "admin.logentry", "pk": 22, "fields": {"action_time": "2018-04-08T23:05:37.829Z", "user": 1, "content_type": 8, "object_id": "1", "object_repr": "Harry Potter e o Calice de Fogo, por Rowling, JK", "action_flag": 2, "change_message": "[{\"changed\": {\"fields\": [\"serie\", \"nSerie\"]}}]"}}, {"model": "admin.logentry", "pk": 23, "fields": {"action_time": "2018-04-09T00:06:45.491Z", "user": 1, "content_type": 9, "object_id": "5", "object_repr": "a, a", "action_flag": 1, "change_message": "[{\"added\": {}}]"}}, {"model": "admin.logentry", "pk": 24, "fields": {"action_time": "2018-04-09T00:07:15.855Z", "user": 1, "content_type": 9, "object_id": "6", "object_repr": "Flanagan, John", "action_flag": 1, "change_message": "[{\"added\": {}}]"}}, {"model": "admin.logentry", "pk": 25, "fields": {"action_time": "2018-04-09T00:07:28.562Z", "user": 1, "content_type": 9, "object_id": "5", "object_repr": "a, a", "action_flag": 3, "change_message": ""}}, {"model": "admin.logentry", "pk": 26, "fields": {"action_time": "2018-04-09T00:10:44.326Z", "user": 1, "content_type": 10, "object_id": "5", "object_repr": "Fundamento", "action_flag": 1, "change_message": "[{\"added\": {}}]"}}, {"model": "admin.logentry", "pk": 27, "fields": {"action_time": "2018-04-09T00:11:16.325Z", "user": 1, "content_type": 11, "object_id": "3", "object_repr": "Rangers - Ordem dos Arqueiros", "action_flag": 1, "change_message": "[{\"added\": {}}]"}}, {"model": "admin.logentry", "pk": 28, "fields": {"action_time": "2018-04-09T00:11:24.253Z", "user": 1, "content_type": 8, "object_id": "7", "object_repr": "Rangers  - Ordem dos Arqueiros 04 - Folha de C, por Flanagan, John", "action_flag": 1, "change_message": "[{\"added\": {}}]"}}, {"model": "admin.logentry", "pk": 29, "fields": {"action_time": "2018-04-09T00:12:47.799Z", "user": 1, "content_type": 8, "object_id": "8", "object_repr": "Rangers  - Ordem dos Arqueiros 05 - Feiticero do Norte, por Flanagan, John", "action_flag": 1, "change_message": "[{\"added\": {}}]"}}, {"model": "admin.logentry", "pk": 30, "fields": {"action_time": "2018-04-09T00:13:02.603Z", "user": 1, "content_type": 8, "object_id": "7", "object_repr": "Rangers  - Ordem dos Arqueiros 04 - Folha de Carvalho, por Flanagan, John", "action_flag": 2, "change_message": "[{\"changed\": {\"fields\": [\"titulo\"]}}]"}}, {"model": "admin.logentry", "pk": 31, "fields": {"action_time": "2018-04-09T00:15:58.368Z", "user": 1, "content_type": 8, "object_id": "9", "object_repr": "Rangers  - Ordem dos Arqueiros 06 - Cerco a Macindaw, por Flanagan, John", "action_flag": 1, "change_message": "[{\"added\": {}}]"}}, {"model": "admin.logentry", "pk": 32, "fields": {"action_time": "2018-04-09T00:17:09.289Z", "user": 1, "content_type": 8, "object_id": "10", "object_repr": "Rangers  - Ordem dos Arqueiros 01 - Ru\u00ednas de Gorlan, por Flanagan, John", "action_flag": 1, "change_message": "[{\"added\": {}}]"}}, {"model": "admin.logentry", "pk": 33, "fields": {"action_time": "2018-04-09T00:18:24.946Z", "user": 1, "content_type": 8, "object_id": "11", "object_repr": "Rangers  - Ordem dos Arqueiros 03 - Terra de Gelo, por Flanagan, John", "action_flag": 1, "change_message": "[{\"added\": {}}]"}}, {"model": "admin.logentry", "pk": 34, "fields": {"action_time": "2018-04-09T00:20:52.930Z", "user": 1, "content_type": 11, "object_id": "4", "object_repr": "Brotherband", "action_flag": 1, "change_message": "[{\"added\": {}}]"}}, {"model": "admin.logentry", "pk": 35, "fields": {"action_time": "2018-04-09T00:21:08.039Z", "user": 1, "content_type": 8, "object_id": "12", "object_repr": "Brotherband 2: os invasores, por Flanagan, John", "action_flag": 1, "change_message": "[{\"added\": {}}]"}}, {"model": "admin.logentry", "pk": 36, "fields": {"action_time": "2018-04-09T00:25:56.630Z", "user": 1, "content_type": 9, "object_id": "7", "object_repr": "Doyle, Arthur Conan", "action_flag": 1, "change_message": "[{\"added\": {}}]"}}, {"model": "admin.logentry", "pk": 37, "fields": {"action_time": "2018-04-09T00:26:28.807Z", "user": 1, "content_type": 10, "object_id": "6", "object_repr": "Harper Colins", "action_flag": 1, "change_message": "[{\"added\": {}}]"}}, {"model": "admin.logentry", "pk": 38, "fields": {"action_time": "2018-04-09T00:26:55.648Z", "user": 1, "content_type": 11, "object_id": "5", "object_repr": "Sherlock Holmes: Obra Completa", "action_flag": 1, "change_message": "[{\"added\": {}}]"}}, {"model": "admin.logentry", "pk": 39, "fields": {"action_time": "2018-04-09T00:27:02.534Z", "user": 1, "content_type": 8, "object_id": "13", "object_repr": "Sherlock Holmes: Volume 4, por Doyle, Arthur Conan", "action_flag": 1, "change_message": "[{\"added\": {}}]"}}, {"model": "admin.logentry", "pk": 40, "fields": {"action_time": "2018-04-09T00:28:35.446Z", "user": 1, "content_type": 8, "object_id": "14", "object_repr": "Sherlock Holmes: Volume 3, por Doyle, Arthur Conan", "action_flag": 1, "change_message": "[{\"added\": {}}]"}}, {"model": "admin.logentry", "pk": 41, "fields": {"action_time": "2018-04-09T00:29:44.472Z", "user": 1, "content_type": 8, "object_id": "15", "object_repr": "Sherlock Holmes: Volume 2, por Doyle, Arthur Conan", "action_flag": 1, "change_message": "[{\"added\": {}}]"}}, {"model": "admin.logentry", "pk": 42, "fields": {"action_time": "2018-04-09T00:31:24.398Z", "user": 1, "content_type": 8, "object_id": "16", "object_repr": "Sherlock Holmes: Volume 1, por Doyle, Arthur Conan", "action_flag": 1, "change_message": "[{\"added\": {}}]"}}, {"model": "admin.logentry", "pk": 43, "fields": {"action_time": "2018-04-09T00:32:37.288Z", "user": 1, "content_type": 9, "object_id": "8", "object_repr": "Dashner, James", "action_flag": 1, "change_message": "[{\"added\": {}}]"}}, {"model": "admin.logentry", "pk": 44, "fields": {"action_time": "2018-04-09T00:33:20.759Z", "user": 1, "content_type": 10, "object_id": "7", "object_repr": "Vergara & Riba editoras(V&R)", "action_flag": 1, "change_message": "[{\"added\": {}}]"}}, {"model": "admin.logentry", "pk": 45, "fields": {"action_time": "2018-04-09T00:33:49.950Z", "user": 1, "content_type": 11, "object_id": "6", "object_repr": "Maze runner", "action_flag": 1, "change_message": "[{\"added\": {}}]"}}, {"model": "admin.logentry", "pk": 46, "fields": {"action_time": "2018-04-09T00:33:54.150Z", "user": 1, "content_type": 8, "object_id": "17", "object_repr": "Maze runner: correr ou morrer, por Dashner, James", "action_flag": 1, "change_message": "[{\"added\": {}}]"}}, {"model": "admin.logentry", "pk": 47, "fields": {"action_time": "2018-04-09T15:20:11.817Z", "user": 1, "content_type": 8, "object_id": "18", "object_repr": "Rangers  - Ordem dos Arqueiros 11 - Historias perdidas, por Flanagan, John", "action_flag": 1, "change_message": "[{\"added\": {}}]"}}, {"model": "admin.logentry", "pk": 48, "fields": {"action_time": "2018-04-09T15:21:19.713Z", "user": 1, "content_type": 8, "object_id": "19", "object_repr": "Rangers  - Ordem dos Arqueiros 10 - Imperador de Nihon-Ja, por Flanagan, John", "action_flag": 1, "change_message": "[{\"added\": {}}]"}}, {"model": "admin.logentry", "pk": 49, "fields": {"action_time": "2018-04-09T15:22:22.962Z", "user": 1, "content_type": 8, "object_id": "20", "object_repr": "Rangers  - Ordem dos Arqueiros 09 - Halt em Perigo, por Flanagan, John", "action_flag": 1, "change_message": "[{\"added\": {}}]"}}, {"model": "admin.logentry", "pk": 50, "fields": {"action_time": "2018-04-09T15:23:38.455Z", "user": 1, "content_type": 8, "object_id": "21", "object_repr": "Rangers  - Ordem dos Arqueiros 08 - Reis de Clonmel, por Flanagan, John", "action_flag": 1, "change_message": "[{\"added\": {}}]"}}, {"model": "admin.logentry", "pk": 51, "fields": {"action_time": "2018-04-09T15:24:55.122Z", "user": 1, "content_type": 8, "object_id": "22", "object_repr": "Rangers  - Ordem dos Arqueiros 07 - Resgate de Erak, por Flanagan, John", "action_flag": 1, "change_message": "[{\"added\": {}}]"}}, {"model": "admin.logentry", "pk": 52, "fields": {"action_time": "2018-04-09T15:26:44.097Z", "user": 1, "content_type": 11, "object_id": "7", "object_repr": "Rangers - A origem", "action_flag": 1, "change_message": "[{\"added\": {}}]"}}, {"model": "admin.logentry", "pk": 53, "fields": {"action_time": "2018-04-09T15:26:50.001Z", "user": 1, "content_type": 8, "object_id": "23", "object_repr": "Rangers - A origem 01: O torneiro de Gorlan, por Flanagan, John", "action_flag": 1, "change_message": "[{\"added\": {}}]"}}, {"model": "admin.logentry", "pk": 54, "fields": {"action_time": "2018-04-09T15:29:32.090Z", "user": 1, "content_type": 9, "object_id": "9", "object_repr": "Green, John", "action_flag": 1, "change_message": "[{\"added\": {}}]"}}, {"model": "admin.logentry", "pk": 55, "fields": {"action_time": "2018-04-09T15:31:03.344Z", "user": 1, "content_type": 9, "object_id": "10", "object_repr": "NENHUM, NENHUM", "action_flag": 1, "change_message": "[{\"added\": {}}]"}}, {"model": "admin.logentry", "pk": 56, "fields": {"action_time": "2018-04-09T15:31:05.196Z", "user": 1, "content_type": 11, "object_id": "8", "object_repr": "NENHUM", "action_flag": 1, "change_message": "[{\"added\": {}}]"}}, {"model": "admin.logentry", "pk": 57, "fields": {"action_time": "2018-04-09T15:31:10.189Z", "user": 1, "content_type": 8, "object_id": "24", "object_repr": "O teorema Katherine, por Green, John", "action_flag": 1, "change_message": "[{\"added\": {}}]"}}, {"model": "admin.logentry", "pk": 58, "fields": {"action_time": "2018-04-10T15:20:49.669Z", "user": 1, "content_type": 9, "object_id": "11", "object_repr": "Martin, George R.R.", "action_flag": 1, "change_message": "[{\"added\": {}}]"}}, {"model": "admin.logentry", "pk": 59, "fields": {"action_time": "2018-04-10T15:21:13.529Z", "user": 1, "content_type": 10, "object_id": "8", "object_repr": "Leya", "action_flag": 1, "change_message": "[{\"added\": {}}]"}}, {"model": "admin.logentry", "pk": 60, "fields": {"action_time": "2018-04-10T15:21:38.552Z", "user": 1, "content_type": 11, "object_id": "9", "object_repr": "As cronicas de gelo e fogo", "action_flag": 1, "change_message": "[{\"added\": {}}]"}}, {"model": "admin.logentry", "pk": 61, "fields": {"action_time": "2018-04-10T15:21:47.827Z", "user": 1, "content_type": 8, "object_id": "25", "object_repr": "A furia dos reis, por Martin, George R.R.", "action_flag": 1, "change_message": "[{\"added\": {}}]"}}, {"model": "admin.logentry", "pk": 62, "fields": {"action_time": "2018-04-10T15:23:49.252Z", "user": 1, "content_type": 8, "object_id": "26", "object_repr": "A guerra dos tronos, por Martin, George R.R.", "action_flag": 1, "change_message": "[{\"added\": {}}]"}}, {"model": "admin.logentry", "pk": 63, "fields": {"action_time": "2018-04-10T15:25:07.901Z", "user": 1, "content_type": 9, "object_id": "12", "object_repr": "Maas, Sarah J.", "action_flag": 1, "change_message": "[{\"added\": {}}]"}}, {"model": "admin.logentry", "pk": 64, "fields": {"action_time": "2018-04-10T15:25:40.953Z", "user": 1, "content_type": 10, "object_id": "9", "object_repr": "Galera", "action_flag": 1, "change_message": "[{\"added\": {}}]"}}, {"model": "admin.logentry", "pk": 65, "fields": {"action_time": "2018-04-10T15:25:54.922Z", "user": 1, "content_type": 11, "object_id": "10", "object_repr": "Trono de Vidro", "action_flag": 1, "change_message": "[{\"added\": {}}]"}}, {"model": "admin.logentry", "pk": 66, "fields": {"action_time": "2018-04-10T15:25:58.576Z", "user": 1, "content_type": 8, "object_id": "27", "object_repr": "Trono de vidro, por Maas, Sarah J.", "action_flag": 1, "change_message": "[{\"added\": {}}]"}}, {"model": "admin.logentry", "pk": 67, "fields": {"action_time": "2018-04-10T15:26:47.824Z", "user": 1, "content_type": 9, "object_id": "13", "object_repr": "King, Stephen", "action_flag": 1, "change_message": "[{\"added\": {}}]"}}, {"model": "admin.logentry", "pk": 68, "fields": {"action_time": "2018-04-10T15:27:02.424Z", "user": 1, "content_type": 10, "object_id": "10", "object_repr": "Suma", "action_flag": 1, "change_message": "[{\"added\": {}}]"}}, {"model": "admin.logentry", "pk": 69, "fields": {"action_time": "2018-04-10T15:27:14.882Z", "user": 1, "content_type": 8, "object_id": "28", "object_repr": "Sobre a escrita, por King, Stephen", "action_flag": 1, "change_message": "[{\"added\": {}}]"}}, {"model": "admin.logentry", "pk": 70, "fields": {"action_time": "2018-04-10T20:20:57.615Z", "user": 1, "content_type": 8, "object_id": "29", "object_repr": "Quatro Esta\u00e7\u00f5es, por King, Stephen", "action_flag": 1, "change_message": "[{\"added\": {}}]"}}, {"model": "admin.logentry", "pk": 71, "fields": {"action_time": "2018-04-10T20:21:53.519Z", "user": 1, "content_type": 9, "object_id": "14", "object_repr": "Homero, *", "action_flag": 1, "change_message": "[{\"added\": {}}]"}}, {"model": "admin.logentry", "pk": 72, "fields": {"action_time": "2018-04-10T20:22:27.292Z", "user": 1, "content_type": 10, "object_id": "11", "object_repr": "Nova Fronteira", "action_flag": 1, "change_message": "[{\"added\": {}}]"}}, {"model": "admin.logentry", "pk": 73, "fields": {"action_time": "2018-04-10T20:22:43.064Z", "user": 1, "content_type": 11, "object_id": "11", "object_repr": "Homero", "action_flag": 1, "change_message": "[{\"added\": {}}]"}}, {"model": "admin.logentry", "pk": 74, "fields": {"action_time": "2018-04-10T20:22:50.561Z", "user": 1, "content_type": 8, "object_id": "30", "object_repr": "Il\u00edada, por Homero, *", "action_flag": 1, "change_message": "[{\"added\": {}}]"}}, {"model": "admin.logentry", "pk": 75, "fields": {"action_time": "2018-04-10T20:23:42.072Z", "user": 1, "content_type": 8, "object_id": "31", "object_repr": "Odisseia, por Homero, *", "action_flag": 1, "change_message": "[{\"added\": {}}]"}}, {"model": "admin.logentry", "pk": 76, "fields": {"action_time": "2018-04-10T20:24:38.715Z", "user": 1, "content_type": 9, "object_id": "15", "object_repr": "Herbert, Frank", "action_flag": 1, "change_message": "[{\"added\": {}}]"}}, {"model": "admin.logentry", "pk": 77, "fields": {"action_time": "2018-04-10T20:25:11.890Z", "user": 1, "content_type": 10, "object_id": "12", "object_repr": "Aleph", "action_flag": 1, "change_message": "[{\"added\": {}}]"}}, {"model": "admin.logentry", "pk": 78, "fields": {"action_time": "2018-04-10T20:25:26.968Z", "user": 1, "content_type": 11, "object_id": "12", "object_repr": "Duna", "action_flag": 1, "change_message": "[{\"added\": {}}]"}}, {"model": "admin.logentry", "pk": 79, "fields": {"action_time": "2018-04-10T20:25:41.932Z", "user": 1, "content_type": 8, "object_id": "32", "object_repr": "Duna, por Herbert, Frank", "action_flag": 1, "change_message": "[{\"added\": {}}]"}}, {"model": "admin.logentry", "pk": 80, "fields": {"action_time": "2018-04-11T15:04:19.341Z", "user": 1, "content_type": 9, "object_id": "16", "object_repr": "Gleiser, Marcelo", "action_flag": 1, "change_message": "[{\"added\": {}}]"}}, {"model": "admin.logentry", "pk": 81, "fields": {"action_time": "2018-04-11T15:05:22.891Z", "user": 1, "content_type": 10, "object_id": "13", "object_repr": "Record", "action_flag": 1, "change_message": "[{\"added\": {}}]"}}, {"model": "admin.logentry", "pk": 82, "fields": {"action_time": "2018-04-11T15:05:35.172Z", "user": 1, "content_type": 8, "object_id": "33", "object_repr": "Cria\u00e7\u00e3o imperfeita, por Gleiser, Marcelo", "action_flag": 1, "change_message": "[{\"added\": {}}]"}}, {"model": "admin.logentry", "pk": 83, "fields": {"action_time": "2018-04-14T13:11:30.899Z", "user": 1, "content_type": 9, "object_id": "17", "object_repr": "Riordan, Rick", "action_flag": 1, "change_message": "[{\"added\": {}}]"}}, {"model": "admin.logentry", "pk": 84, "fields": {"action_time": "2018-04-14T13:12:51.832Z", "user": 1, "content_type": 11, "object_id": "13", "object_repr": "Magnus chase e os deuses de asgard", "action_flag": 1, "change_message": "[{\"added\": {}}]"}}, {"model": "admin.logentry", "pk": 85, "fields": {"action_time": "2018-04-14T13:13:02.748Z", "user": 1, "content_type": 8, "object_id": "34", "object_repr": "Magnus Chase,  o navio dos mortos, por Riordan, Rick", "action_flag": 1, "change_message": "[{\"added\": {}}]"}}, {"model": "admin.logentry", "pk": 86, "fields": {"action_time": "2018-04-14T13:14:30.568Z", "user": 1, "content_type": 8, "object_id": "35", "object_repr": "magnus chase, o martelo de thor, por Riordan, Rick", "action_flag": 1, "change_message": "[{\"added\": {}}]"}}, {"model": "admin.logentry", "pk": 87, "fields": {"action_time": "2018-04-14T13:15:49.262Z", "user": 1, "content_type": 8, "object_id": "36", "object_repr": "Magnus Chase, a Espada do Ver\u00e3o, por Riordan, Rick", "action_flag": 1, "change_message": "[{\"added\": {}}]"}}, {"model": "admin.logentry", "pk": 88, "fields": {"action_time": "2018-04-14T13:17:54.195Z", "user": 1, "content_type": 9, "object_id": "18", "object_repr": "Riggs, Ransom", "action_flag": 1, "change_message": "[{\"added\": {}}]"}}, {"model": "admin.logentry", "pk": 89, "fields": {"action_time": "2018-04-14T13:19:07.610Z", "user": 1, "content_type": 8, "object_id": "37", "object_repr": "o orfanato da srta. Peregrine para crian\u00e7as peculiares, por Riggs, Ransom", "action_flag": 1, "change_message": "[{\"added\": {}}]"}}, {"model": "admin.logentry", "pk": 90, "fields": {"action_time": "2018-04-14T13:21:27.252Z", "user": 1, "content_type": 9, "object_id": "19", "object_repr": "Rand, Ayn", "action_flag": 1, "change_message": "[{\"added\": {}}]"}}, {"model": "admin.logentry", "pk": 91, "fields": {"action_time": "2018-04-14T13:22:02.826Z", "user": 1, "content_type": 11, "object_id": "14", "object_repr": "A revolta de Atlas", "action_flag": 1, "change_message": "[{\"added\": {}}]"}}, {"model": "admin.logentry", "pk": 92, "fields": {"action_time": "2018-04-14T13:22:08.646Z", "user": 1, "content_type": 8, "object_id": "38", "object_repr": "A revolta de atlas III, por Rand, Ayn", "action_flag": 1, "change_message": "[{\"added\": {}}]"}}, {"model": "admin.logentry", "pk": 93, "fields": {"action_time": "2018-04-14T13:22:53.844Z", "user": 1, "content_type": 8, "object_id": "39", "object_repr": "A revolta de atlas II, por Rand, Ayn", "action_flag": 1, "change_message": "[{\"added\": {}}]"}}, {"model": "admin.logentry", "pk": 94, "fields": {"action_time": "2018-04-14T13:24:21.694Z", "user": 1, "content_type": 8, "object_id": "40", "object_repr": "A revolta de atlas I, por Rand, Ayn", "action_flag": 1, "change_message": "[{\"added\": {}}]"}}, {"model": "admin.logentry", "pk": 95, "fields": {"action_time": "2018-05-01T13:07:41.345Z", "user": 1, "content_type": 9, "object_id": "20", "object_repr": "Adler, Mortimer J.", "action_flag": 1, "change_message": "[{\"added\": {}}]"}}, {"model": "admin.logentry", "pk": 96, "fields": {"action_time": "2018-05-01T13:08:28.465Z", "user": 1, "content_type": 10, "object_id": "14", "object_repr": "\u00c9 realiza\u00e7\u00f5es Editora", "action_flag": 1, "change_message": "[{\"added\": {}}]"}}, {"model": "admin.logentry", "pk": 97, "fields": {"action_time": "2018-05-01T13:08:51.371Z", "user": 1, "content_type": 8, "object_id": "41", "object_repr": "Como ler livros, por Adler, Mortimer J.", "action_flag": 1, "change_message": "[{\"added\": {}}]"}}, {"model": "admin.logentry", "pk": 98, "fields": {"action_time": "2018-05-01T13:09:54.941Z", "user": 1, "content_type": 9, "object_id": "21", "object_repr": "Hawking, Stephen", "action_flag": 1, "change_message": "[{\"added\": {}}]"}}, {"model": "admin.logentry", "pk": 99, "fields": {"action_time": "2018-05-01T13:11:04.625Z", "user": 1, "content_type": 11, "object_id": "15", "object_repr": "HAWKING", "action_flag": 1, "change_message": "[{\"added\": {}}]"}}, {"model": "admin.logentry", "pk": 100, "fields": {"action_time": "2018-05-01T13:11:17.166Z", "user": 1, "content_type": 8, "object_id": "42", "object_repr": "Uma breve historia do tempo, por Hawking, Stephen", "action_flag": 1, "change_message": "[{\"added\": {}}]"}}, {"model": "admin.logentry", "pk": 101, "fields": {"action_time": "2018-05-01T13:12:15.380Z", "user": 1, "content_type": 8, "object_id": "43", "object_repr": "O universo numa casca de noz, por Hawking, Stephen", "action_flag": 1, "change_message": "[{\"added\": {}}]"}}, {"model": "admin.logentry", "pk": 102, "fields": {"action_time": "2018-05-01T13:13:45.106Z", "user": 1, "content_type": 9, "object_id": "22", "object_repr": "Domingos, Pedro", "action_flag": 1, "change_message": "[{\"added\": {}}]"}}, {"model": "admin.logentry", "pk": 103, "fields": {"action_time": "2018-05-01T13:14:22.866Z", "user": 1, "content_type": 10, "object_id": "15", "object_repr": "Novatec", "action_flag": 1, "change_message": "[{\"added\": {}}]"}}, {"model": "admin.logentry", "pk": 104, "fields": {"action_time": "2018-05-01T13:14:32.796Z", "user": 1, "content_type": 8, "object_id": "44", "object_repr": "O algoritmo mestre, por Domingos, Pedro", "action_flag": 1, "change_message": "[{\"added\": {}}]"}}, {"model": "admin.logentry", "pk": 105, "fields": {"action_time": "2018-05-01T13:16:13.062Z", "user": 1, "content_type": 9, "object_id": "23", "object_repr": "Abercrombie, Joe", "action_flag": 1, "change_message": "[{\"added\": {}}]"}}, {"model": "admin.logentry", "pk": 106, "fields": {"action_time": "2018-05-01T13:16:54.905Z", "user": 1, "content_type": 11, "object_id": "16", "object_repr": "Mar despeda\u00e7ado", "action_flag": 1, "change_message": "[{\"added\": {}}]"}}, {"model": "admin.logentry", "pk": 107, "fields": {"action_time": "2018-05-01T13:16:59.011Z", "user": 1, "content_type": 8, "object_id": "45", "object_repr": "Meio Rei, por Abercrombie, Joe", "action_flag": 1, "change_message": "[{\"added\": {}}]"}}, {"model": "admin.logentry", "pk": 108, "fields": {"action_time": "2018-05-01T13:18:17.660Z", "user": 1, "content_type": 9, "object_id": "24", "object_repr": "Chima, Cinda Williams", "action_flag": 1, "change_message": "[{\"added\": {}}]"}}, {"model": "admin.logentry", "pk": 109, "fields": {"action_time": "2018-05-01T13:18:55.064Z", "user": 1, "content_type": 11, "object_id": "17", "object_repr": "Os sete reinos", "action_flag": 1, "change_message": "[{\"added\": {}}]"}}, {"model": "admin.logentry", "pk": 110, "fields": {"action_time": "2018-05-01T13:18:59.492Z", "user": 1, "content_type": 8, "object_id": "46", "object_repr": "O rei dem\u00f4nio, por Chima, Cinda Williams", "action_flag": 1, "change_message": "[{\"added\": {}}]"}}, {"model": "admin.logentry", "pk": 111, "fields": {"action_time": "2018-05-01T13:19:55.391Z", "user": 1, "content_type": 9, "object_id": "25", "object_repr": "Sanderson, Brandon", "action_flag": 1, "change_message": "[{\"added\": {}}]"}}, {"model": "admin.logentry", "pk": 112, "fields": {"action_time": "2018-05-01T13:20:27.428Z", "user": 1, "content_type": 8, "object_id": "47", "object_repr": "Elantris, por Sanderson, Brandon", "action_flag": 1, "change_message": "[{\"added\": {}}]"}}, {"model": "admin.logentry", "pk": 113, "fields": {"action_time": "2018-05-01T13:21:38.084Z", "user": 1, "content_type": 8, "object_id": "48", "object_repr": "Mesias de Duna, por Herbert, Frank", "action_flag": 1, "change_message": "[{\"added\": {}}]"}}, {"model": "admin.logentry", "pk": 114, "fields": {"action_time": "2018-05-01T13:22:28.096Z", "user": 1, "content_type": 9, "object_id": "26", "object_repr": "Hobb, Robin", "action_flag": 1, "change_message": "[{\"added\": {}}]"}}, {"model": "admin.logentry", "pk": 115, "fields": {"action_time": "2018-05-01T13:23:22.302Z", "user": 1, "content_type": 11, "object_id": "18", "object_repr": "Saga do assasino", "action_flag": 1, "change_message": "[{\"added\": {}}]"}}, {"model": "admin.logentry", "pk": 116, "fields": {"action_time": "2018-05-01T13:23:26.362Z", "user": 1, "content_type": 8, "object_id": "49", "object_repr": "O aprendiz de Assasino, por Hobb, Robin", "action_flag": 1, "change_message": "[{\"added\": {}}]"}}, {"model": "admin.logentry", "pk": 117, "fields": {"action_time": "2018-05-01T13:25:15.022Z", "user": 1, "content_type": 11, "object_id": "19", "object_repr": "Mistborn: Nascidos da bruma", "action_flag": 1, "change_message": "[{\"added\": {}}]"}}, {"model": "admin.logentry", "pk": 118, "fields": {"action_time": "2018-05-01T13:25:18.830Z", "user": 1, "content_type": 8, "object_id": "50", "object_repr": "Mistborn: o imp\u00e9rio final I, por Sanderson, Brandon", "action_flag": 1, "change_message": "[{\"added\": {}}]"}}, {"model": "admin.logentry", "pk": 119, "fields": {"action_time": "2018-05-01T13:26:54.083Z", "user": 1, "content_type": 9, "object_id": "27", "object_repr": "Kahneman, Daniel", "action_flag": 1, "change_message": "[{\"added\": {}}]"}}, {"model": "admin.logentry", "pk": 120, "fields": {"action_time": "2018-05-01T13:27:17.629Z", "user": 1, "content_type": 10, "object_id": "16", "object_repr": "Objetiva", "action_flag": 1, "change_message": "[{\"added\": {}}]"}}, {"model": "admin.logentry", "pk": 121, "fields": {"action_time": "2018-05-01T13:27:26.129Z", "user": 1, "content_type": 8, "object_id": "51", "object_repr": "R\u00e1pido e devagar: duas formas de pensar, por Kahneman, Daniel", "action_flag": 1, "change_message": "[{\"added\": {}}]"}}, {"model": "admin.logentry", "pk": 122, "fields": {"action_time": "2018-05-09T19:10:01.544Z", "user": 1, "content_type": 9, "object_id": "28", "object_repr": "Pennypacker, Sara", "action_flag": 1, "change_message": "[{\"added\": {}}]"}}, {"model": "admin.logentry", "pk": 123, "fields": {"action_time": "2018-05-09T19:10:55.522Z", "user": 1, "content_type": 8, "object_id": "52", "object_repr": "Pax, por Pennypacker, Sara", "action_flag": 1, "change_message": "[{\"added\": {}}]"}}, {"model": "admin.logentry", "pk": 124, "fields": {"action_time": "2018-05-09T19:16:29.912Z", "user": 1, "content_type": 8, "object_id": "53", "object_repr": "Brotherband 1:Os exilados, por Flanagan, John", "action_flag": 1, "change_message": "[{\"added\": {}}]"}}, {"model": "admin.logentry", "pk": 125, "fields": {"action_time": "2018-05-09T19:17:18.353Z", "user": 1, "content_type": 9, "object_id": "29", "object_repr": "Milan, Victor", "action_flag": 1, "change_message": "[{\"added\": {}}]"}}, {"model": "admin.logentry", "pk": 126, "fields": {"action_time": "2018-05-09T19:17:39.711Z", "user": 1, "content_type": 10, "object_id": "17", "object_repr": "Dark side", "action_flag": 1, "change_message": "[{\"added\": {}}]"}}, {"model": "admin.logentry", "pk": 127, "fields": {"action_time": "2018-05-09T19:18:20.383Z", "user": 1, "content_type": 9, "object_id": "29", "object_repr": "Milan, Victor", "action_flag": 2, "change_message": "[]"}}, {"model": "admin.logentry", "pk": 128, "fields": {"action_time": "2018-05-09T19:18:22.292Z", "user": 1, "content_type": 11, "object_id": "20", "object_repr": "Os senhores dos dinosauros", "action_flag": 1, "change_message": "[{\"added\": {}}]"}}, {"model": "admin.logentry", "pk": 129, "fields": {"action_time": "2018-05-09T19:18:26.899Z", "user": 1, "content_type": 8, "object_id": "54", "object_repr": "Os senhores dos dinosauros, por Milan, Victor", "action_flag": 1, "change_message": "[{\"added\": {}}]"}}, {"model": "admin.logentry", "pk": 130, "fields": {"action_time": "2018-05-09T19:19:25.573Z", "user": 1, "content_type": 8, "object_id": "55", "object_repr": "Sonho Febril, por Martin, George R.R.", "action_flag": 1, "change_message": "[{\"added\": {}}]"}}, {"model": "admin.logentry", "pk": 131, "fields": {"action_time": "2018-05-09T19:23:21.249Z", "user": 1, "content_type": 8, "object_id": "56", "object_repr": "A tormenta das espadas, por Martin, George R.R.", "action_flag": 1, "change_message": "[{\"added\": {}}]"}}, {"model": "admin.logentry", "pk": 132, "fields": {"action_time": "2018-05-09T19:24:57.018Z", "user": 1, "content_type": 9, "object_id": "30", "object_repr": "Tyson, Neil deGrasse", "action_flag": 1, "change_message": "[{\"added\": {}}]"}}, {"model": "admin.logentry", "pk": 133, "fields": {"action_time": "2018-05-09T19:25:19.243Z", "user": 1, "content_type": 10, "object_id": "18", "object_repr": "Planeta", "action_flag": 1, "change_message": "[{\"added\": {}}]"}}, {"model": "admin.logentry", "pk": 134, "fields": {"action_time": "2018-05-09T19:25:26.626Z", "user": 1, "content_type": 8, "object_id": "57", "object_repr": "Origens: catorze bilh\u00f5es de anos de evolu\u00e7\u00e3o c\u00f3smica, por Tyson, Neil deGrasse", "action_flag": 1, "change_message": "[{\"added\": {}}]"}}, {"model": "admin.logentry", "pk": 135, "fields": {"action_time": "2018-05-09T19:28:20.174Z", "user": 1, "content_type": 11, "object_id": "21", "object_repr": "Percy Jackson e os Olimpianos", "action_flag": 1, "change_message": "[{\"added\": {}}]"}}, {"model": "admin.logentry", "pk": 136, "fields": {"action_time": "2018-05-09T19:28:25.715Z", "user": 1, "content_type": 8, "object_id": "58", "object_repr": "Percy Jackson: Os arquivos do semideus, por Riordan, Rick", "action_flag": 1, "change_message": "[{\"added\": {}}]"}}, {"model": "admin.logentry", "pk": 137, "fields": {"action_time": "2018-05-09T19:29:18.985Z", "user": 1, "content_type": 11, "object_id": "22", "object_repr": "Os herois do olimpo", "action_flag": 1, "change_message": "[{\"added\": {}}]"}}, {"model": "admin.logentry", "pk": 138, "fields": {"action_time": "2018-05-09T19:29:52.447Z", "user": 1, "content_type": 8, "object_id": "59", "object_repr": "Os diarios do Semideus, por Riordan, Rick", "action_flag": 1, "change_message": "[{\"added\": {}}]"}}, {"model": "admin.logentry", "pk": 139, "fields": {"action_time": "2018-05-09T19:31:12.780Z", "user": 1, "content_type": 8, "object_id": "60", "object_repr": "PJO: O ladr\u00e3o de raios, por Riordan, Rick", "action_flag": 1, "change_message": "[{\"added\": {}}]"}}, {"model": "admin.logentry", "pk": 140, "fields": {"action_time": "2018-05-09T19:31:25.641Z", "user": 1, "content_type": 8, "object_id": "61", "object_repr": "PJO: O ladr\u00e3o de raios, por Riordan, Rick", "action_flag": 1, "change_message": "[{\"added\": {}}]"}}, {"model": "admin.logentry", "pk": 141, "fields": {"action_time": "2018-05-09T19:32:12.444Z", "user": 1, "content_type": 8, "object_id": "61", "object_repr": "PJO: O ladr\u00e3o de raios, por Riordan, Rick", "action_flag": 3, "change_message": ""}}, {"model": "admin.logentry", "pk": 142, "fields": {"action_time": "2018-05-09T19:33:53.232Z", "user": 1, "content_type": 8, "object_id": "62", "object_repr": "PJO: O mar de monstros, por Riordan, Rick", "action_flag": 1, "change_message": "[{\"added\": {}}]"}}, {"model": "admin.logentry", "pk": 143, "fields": {"action_time": "2018-05-09T19:34:52.566Z", "user": 1, "content_type": 8, "object_id": "63", "object_repr": "PJO: A maldi\u00e7\u00e3o do Tit\u00e3, por Riordan, Rick", "action_flag": 1, "change_message": "[{\"added\": {}}]"}}, {"model": "admin.logentry", "pk": 144, "fields": {"action_time": "2018-05-09T19:36:10.427Z", "user": 1, "content_type": 8, "object_id": "64", "object_repr": "PJO: A batalha do labirinto, por Riordan, Rick", "action_flag": 1, "change_message": "[{\"added\": {}}]"}}, {"model": "admin.logentry", "pk": 145, "fields": {"action_time": "2018-05-09T19:37:01.360Z", "user": 1, "content_type": 8, "object_id": "65", "object_repr": "PJO: O \u00faltimo olimpiano, por Riordan, Rick", "action_flag": 1, "change_message": "[{\"added\": {}}]"}}, {"model": "admin.logentry", "pk": 146, "fields": {"action_time": "2018-05-09T19:38:03.868Z", "user": 1, "content_type": 8, "object_id": "66", "object_repr": "O h\u00e9roi perdido, por Riordan, Rick", "action_flag": 1, "change_message": "[{\"added\": {}}]"}}, {"model": "admin.logentry", "pk": 147, "fields": {"action_time": "2018-05-09T19:38:52.675Z", "user": 1, "content_type": 8, "object_id": "67", "object_repr": "O filho de netuno, por Riordan, Rick", "action_flag": 1, "change_message": "[{\"added\": {}}]"}}, {"model": "admin.logentry", "pk": 148, "fields": {"action_time": "2018-05-09T19:39:38.846Z", "user": 1, "content_type": 8, "object_id": "68", "object_repr": "A marca de Atena, por Riordan, Rick", "action_flag": 1, "change_message": "[{\"added\": {}}]"}}, {"model": "admin.logentry", "pk": 149, "fields": {"action_time": "2018-05-09T19:41:07.225Z", "user": 1, "content_type": 8, "object_id": "69", "object_repr": "A casa de hades, por Riordan, Rick", "action_flag": 1, "change_message": "[{\"added\": {}}]"}}, {"model": "admin.logentry", "pk": 150, "fields": {"action_time": "2018-05-09T19:42:07.093Z", "user": 1, "content_type": 8, "object_id": "70", "object_repr": "O sangue do Olimpo, por Riordan, Rick", "action_flag": 1, "change_message": "[{\"added\": {}}]"}}, {"model": "admin.logentry", "pk": 151, "fields": {"action_time": "2018-05-09T19:43:14.761Z", "user": 1, "content_type": 11, "object_id": "23", "object_repr": "As prova\u00e7\u00f5es de Apolo", "action_flag": 1, "change_message": "[{\"added\": {}}]"}}, {"model": "admin.logentry", "pk": 152, "fields": {"action_time": "2018-05-09T19:43:22.243Z", "user": 1, "content_type": 8, "object_id": "71", "object_repr": "O oraculo oculto, por Riordan, Rick", "action_flag": 1, "change_message": "[{\"added\": {}}]"}}, {"model": "admin.logentry", "pk": 153, "fields": {"action_time": "2018-05-09T19:44:52.008Z", "user": 1, "content_type": 8, "object_id": "72", "object_repr": "A profecia das sombras, por Riordan, Rick", "action_flag": 1, "change_message": "[{\"added\": {}}]"}}, {"model": "admin.logentry", "pk": 154, "fields": {"action_time": "2018-05-09T19:45:24.384Z", "user": 1, "content_type": 9, "object_id": "31", "object_repr": "Roth, Veronica", "action_flag": 1, "change_message": "[{\"added\": {}}]"}}, {"model": "admin.logentry", "pk": 155, "fields": {"action_time": "2018-05-09T19:45:57.165Z", "user": 1, "content_type": 11, "object_id": "24", "object_repr": "Divergente", "action_flag": 1, "change_message": "[{\"added\": {}}]"}}, {"model": "admin.logentry", "pk": 156, "fields": {"action_time": "2018-05-09T19:46:01.554Z", "user": 1, "content_type": 8, "object_id": "73", "object_repr": "Divergente, por Roth, Veronica", "action_flag": 1, "change_message": "[{\"added\": {}}]"}}, {"model": "admin.logentry", "pk": 157, "fields": {"action_time": "2018-05-09T19:48:36.293Z", "user": 1, "content_type": 8, "object_id": "74", "object_repr": "Harry Potter e as rel\u00edqueas da morte, por Rowling, JK", "action_flag": 1, "change_message": "[{\"added\": {}}]"}}, {"model": "admin.logentry", "pk": 158, "fields": {"action_time": "2018-05-09T19:49:32.754Z", "user": 1, "content_type": 8, "object_id": "75", "object_repr": "Harry Potter e o Enigma do Pr\u00edncipe, por Rowling, JK", "action_flag": 1, "change_message": "[{\"added\": {}}]"}}, {"model": "admin.logentry", "pk": 159, "fields": {"action_time": "2018-05-09T19:52:07.736Z", "user": 1, "content_type": 8, "object_id": "76", "object_repr": "Harry Potter e a Ordem da F\u00eanix, por Rowling, JK", "action_flag": 1, "change_message": "[{\"added\": {}}]"}}, {"model": "admin.logentry", "pk": 160, "fields": {"action_time": "2018-05-09T19:53:12.350Z", "user": 1, "content_type": 8, "object_id": "77", "object_repr": "Harry Potter e o prisioneiro de Azkaban, por Rowling, JK", "action_flag": 1, "change_message": "[{\"added\": {}}]"}}, {"model": "admin.logentry", "pk": 161, "fields": {"action_time": "2018-05-09T19:54:02.893Z", "user": 1, "content_type": 8, "object_id": "78", "object_repr": "Harry Potter e a camera secreta, por Rowling, JK", "action_flag": 1, "change_message": "[{\"added\": {}}]"}}, {"model": "admin.logentry", "pk": 162, "fields": {"action_time": "2018-05-09T19:54:55.058Z", "user": 1, "content_type": 8, "object_id": "79", "object_repr": "Harry Potter e a Pedra Filosofal, por Rowling, JK", "action_flag": 1, "change_message": "[{\"added\": {}}]"}}, {"model": "admin.logentry", "pk": 163, "fields": {"action_time": "2018-05-09T19:56:47.789Z", "user": 1, "content_type": 8, "object_id": "80", "object_repr": "Harry Potter e a Crian\u00e7a Amaldi\u00e7oada, por NENHUM, NENHUM", "action_flag": 1, "change_message": "[{\"added\": {}}]"}}, {"model": "admin.logentry", "pk": 164, "fields": {"action_time": "2018-05-09T19:58:21.434Z", "user": 1, "content_type": 9, "object_id": "32", "object_repr": "Verne, Julio", "action_flag": 1, "change_message": "[{\"added\": {}}]"}}, {"model": "admin.logentry", "pk": 165, "fields": {"action_time": "2018-05-09T19:58:58.492Z", "user": 1, "content_type": 10, "object_id": "19", "object_repr": "Rba Records", "action_flag": 1, "change_message": "[{\"added\": {}}]"}}, {"model": "admin.logentry", "pk": 166, "fields": {"action_time": "2018-05-09T19:59:05.675Z", "user": 1, "content_type": 8, "object_id": "81", "object_repr": "Vinte mil leguas submarinas, por Verne, Julio", "action_flag": 1, "change_message": "[{\"added\": {}}]"}}, {"model": "admin.logentry", "pk": 167, "fields": {"action_time": "2018-05-09T20:00:24.583Z", "user": 1, "content_type": 9, "object_id": "33", "object_repr": "Spohr, Eduardo", "action_flag": 1, "change_message": "[{\"added\": {}}]"}}, {"model": "admin.logentry", "pk": 168, "fields": {"action_time": "2018-05-09T20:00:54.046Z", "user": 1, "content_type": 10, "object_id": "20", "object_repr": "Verus", "action_flag": 1, "change_message": "[{\"added\": {}}]"}}, {"model": "admin.logentry", "pk": 169, "fields": {"action_time": "2018-05-09T20:01:17.187Z", "user": 1, "content_type": 11, "object_id": "25", "object_repr": "Filhos do \u00c9den", "action_flag": 1, "change_message": "[{\"added\": {}}]"}}, {"model": "admin.logentry", "pk": 170, "fields": {"action_time": "2018-05-09T20:01:21.216Z", "user": 1, "content_type": 8, "object_id": "82", "object_repr": "Filhos do \u00c9den:Herdeiros de Atl\u00e2ntida, por Spohr, Eduardo", "action_flag": 1, "change_message": "[{\"added\": {}}]"}}, {"model": "admin.logentry", "pk": 171, "fields": {"action_time": "2018-05-09T20:02:10.146Z", "user": 1, "content_type": 8, "object_id": "83", "object_repr": "Filhos do \u00c9den: Anjos da Morte, por Spohr, Eduardo", "action_flag": 1, "change_message": "[{\"added\": {}}]"}}, {"model": "admin.logentry", "pk": 172, "fields": {"action_time": "2018-05-09T20:03:08.225Z", "user": 1, "content_type": 8, "object_id": "84", "object_repr": "Filhos do \u00c9den: Paraiso Perdido, por Spohr, Eduardo", "action_flag": 1, "change_message": "[{\"added\": {}}]"}}, {"model": "admin.logentry", "pk": 173, "fields": {"action_time": "2018-05-09T20:05:44.955Z", "user": 1, "content_type": 8, "object_id": "85", "object_repr": "PJO: Guia definitivo, por Riordan, Rick", "action_flag": 1, "change_message": "[{\"added\": {}}]"}}, {"model": "admin.logentry", "pk": 174, "fields": {"action_time": "2018-05-09T20:06:40.570Z", "user": 1, "content_type": 9, "object_id": "34", "object_repr": "Cowell, Cressida", "action_flag": 1, "change_message": "[{\"added\": {}}]"}}, {"model": "admin.logentry", "pk": 175, "fields": {"action_time": "2018-05-09T20:07:55.851Z", "user": 1, "content_type": 11, "object_id": "26", "object_repr": "Como treinar o seu drag\u00e3o", "action_flag": 1, "change_message": "[{\"added\": {}}]"}}, {"model": "admin.logentry", "pk": 176, "fields": {"action_time": "2018-05-09T20:08:05.236Z", "user": 1, "content_type": 8, "object_id": "86", "object_repr": "Guia do Her\u00f3i para vencer drag\u00f5es mortais, por Cowell, Cressida", "action_flag": 1, "change_message": "[{\"added\": {}}]"}}, {"model": "admin.logentry", "pk": 177, "fields": {"action_time": "2018-05-09T20:09:08.818Z", "user": 1, "content_type": 9, "object_id": "35", "object_repr": "Sagan, Carl", "action_flag": 1, "change_message": "[{\"added\": {}}]"}}, {"model": "admin.logentry", "pk": 178, "fields": {"action_time": "2018-05-09T20:09:31.069Z", "user": 1, "content_type": 10, "object_id": "21", "object_repr": "Companhia do Bolso", "action_flag": 1, "change_message": "[{\"added\": {}}]"}}, {"model": "admin.logentry", "pk": 179, "fields": {"action_time": "2018-05-09T20:09:37.283Z", "user": 1, "content_type": 8, "object_id": "87", "object_repr": "Bilh\u00f5es e bilh\u00f5es, por Sagan, Carl", "action_flag": 1, "change_message": "[{\"added\": {}}]"}}, {"model": "admin.logentry", "pk": 180, "fields": {"action_time": "2018-05-09T20:10:12.035Z", "user": 1, "content_type": 9, "object_id": "36", "object_repr": "Tolst\u00f3i, Leon", "action_flag": 1, "change_message": "[{\"added\": {}}]"}}, {"model": "admin.logentry", "pk": 181, "fields": {"action_time": "2018-05-09T20:10:44.380Z", "user": 1, "content_type": 8, "object_id": "88", "object_repr": "Guerra e Paz, por Tolst\u00f3i, Leon", "action_flag": 1, "change_message": "[{\"added\": {}}]"}}, {"model": "admin.logentry", "pk": 182, "fields": {"action_time": "2018-05-09T20:11:28.738Z", "user": 1, "content_type": 9, "object_id": "37", "object_repr": "Wohlleben, Peter", "action_flag": 1, "change_message": "[{\"added\": {}}]"}}, {"model": "admin.logentry", "pk": 183, "fields": {"action_time": "2018-05-09T20:11:55.536Z", "user": 1, "content_type": 10, "object_id": "22", "object_repr": "Sextante", "action_flag": 1, "change_message": "[{\"added\": {}}]"}}, {"model": "admin.logentry", "pk": 184, "fields": {"action_time": "2018-05-09T20:12:11.797Z", "user": 1, "content_type": 8, "object_id": "89", "object_repr": "A vida secreta das \u00e1rvores, por Wohlleben, Peter", "action_flag": 1, "change_message": "[{\"added\": {}}]"}}, {"model": "admin.logentry", "pk": 185, "fields": {"action_time": "2018-05-09T20:12:49.703Z", "user": 1, "content_type": 9, "object_id": "38", "object_repr": "Darwin, Charles", "action_flag": 1, "change_message": "[{\"added\": {}}]"}}, {"model": "admin.logentry", "pk": 186, "fields": {"action_time": "2018-05-09T20:13:21.403Z", "user": 1, "content_type": 10, "object_id": "23", "object_repr": "Martin Claret", "action_flag": 1, "change_message": "[{\"added\": {}}]"}}, {"model": "admin.logentry", "pk": 187, "fields": {"action_time": "2018-05-09T20:13:34.521Z", "user": 1, "content_type": 8, "object_id": "90", "object_repr": "A origem das Especies, por Darwin, Charles", "action_flag": 1, "change_message": "[{\"added\": {}}]"}}, {"model": "admin.logentry", "pk": 188, "fields": {"action_time": "2018-05-09T20:15:05.719Z", "user": 1, "content_type": 9, "object_id": "17", "object_repr": "Riordan, Rick", "action_flag": 2, "change_message": "[]"}}, {"model": "admin.logentry", "pk": 189, "fields": {"action_time": "2018-05-09T20:15:06.679Z", "user": 1, "content_type": 11, "object_id": "27", "object_repr": "Percy jackson e a mitologia", "action_flag": 1, "change_message": "[{\"added\": {}}]"}}, {"model": "admin.logentry", "pk": 190, "fields": {"action_time": "2018-05-09T20:15:10.771Z", "user": 1, "content_type": 8, "object_id": "91", "object_repr": "Percy Jackson e os deuses gregos, por Riordan, Rick", "action_flag": 1, "change_message": "[{\"added\": {}}]"}}, {"model": "admin.logentry", "pk": 191, "fields": {"action_time": "2018-09-21T19:05:11.842Z", "user": 1, "content_type": 8, "object_id": "33", "object_repr": "Cria\u00e7\u00e3o imperfeita, por Gleiser, Marcelo", "action_flag": 2, "change_message": "[{\"changed\": {\"fields\": [\"serie\"]}}]"}}, {"model": "admin.logentry", "pk": 192, "fields": {"action_time": "2018-09-21T19:05:50.622Z", "user": 1, "content_type": 8, "object_id": "41", "object_repr": "Como ler livros, por Adler, Mortimer J.", "action_flag": 2, "change_message": "[{\"changed\": {\"fields\": [\"serie\"]}}]"}}, {"model": "admin.logentry", "pk": 193, "fields": {"action_time": "2018-09-21T19:06:06.075Z", "user": 1, "content_type": 8, "object_id": "90", "object_repr": "A origem das Especies, por Darwin, Charles", "action_flag": 2, "change_message": "[{\"changed\": {\"fields\": [\"serie\"]}}]"}}, {"model": "admin.logentry", "pk": 194, "fields": {"action_time": "2018-09-21T19:06:15.434Z", "user": 1, "content_type": 8, "object_id": "44", "object_repr": "O algoritmo mestre, por Domingos, Pedro", "action_flag": 2, "change_message": "[{\"changed\": {\"fields\": [\"serie\"]}}]"}}, {"model": "admin.logentry", "pk": 195, "fields": {"action_time": "2018-09-21T19:06:33.777Z", "user": 1, "content_type": 8, "object_id": "24", "object_repr": "O teorema Katherine, por Green, John", "action_flag": 2, "change_message": "[{\"changed\": {\"fields\": [\"serie\"]}}]"}}, {"model": "admin.logentry", "pk": 196, "fields": {"action_time": "2018-09-21T19:12:41.106Z", "user": 1, "content_type": 7, "object_id": "1", "object_repr": "Rangers - A origem 01: O torneiro de Gorlan, por Flanagan, John", "action_flag": 3, "change_message": ""}}, {"model": "admin.logentry", "pk": 197, "fields": {"action_time": "2018-09-22T01:46:46.894Z", "user": 1, "content_type": 7, "object_id": "2", "object_repr": "O rei dem\u00f4nio, por Chima, Cinda Williams", "action_flag": 1, "change_message": "[{\"added\": {}}]"}}, {"model": "admin.logentry", "pk": 198, "fields": {"action_time": "2018-09-22T01:47:21.786Z", "user": 1, "content_type": 12, "object_id": "1", "object_repr": "Leitura_Update object (1)", "action_flag": 1, "change_message": "[{\"added\": {}}]"}}, {"model": "admin.logentry", "pk": 199, "fields": {"action_time": "2018-09-22T01:47:38.078Z", "user": 1, "content_type": 12, "object_id": "2", "object_repr": "Leitura_Update object (2)", "action_flag": 1, "change_message": "[{\"added\": {}}]"}}, {"model": "admin.logentry", "pk": 200, "fields": {"action_time": "2018-09-22T22:30:38.913Z", "user": 1, "content_type": 7, "object_id": "3", "object_repr": "Meio Rei, por Abercrombie, Joe", "action_flag": 3, "change_message": ""}}, {"model": "admin.logentry", "pk": 201, "fields": {"action_time": "2018-09-22T22:33:04.723Z", "user": 1, "content_type": 7, "object_id": "4", "object_repr": "Duna, por Herbert, Frank", "action_flag": 3, "change_message": ""}}, {"model": "admin.logentry", "pk": 202, "fields": {"action_time": "2018-09-22T22:34:00.042Z", "user": 1, "content_type": 8, "object_id": "52", "object_repr": "Pax, por Pennypacker, Sara", "action_flag": 2, "change_message": "[{\"changed\": {\"fields\": [\"serie\"]}}]"}}, {"model": "admin.logentry", "pk": 203, "fields": {"action_time": "2018-09-22T22:50:15.266Z", "user": 1, "content_type": 12, "object_id": "3", "object_repr": "Sapiens - Uma breve historia da humanidade, por Harari, Yuval Noah, Pagina 1", "action_flag": 1, "change_message": "[{\"added\": {}}]"}}, {"model": "admin.logentry", "pk": 204, "fields": {"action_time": "2018-09-22T22:59:21.940Z", "user": 1, "content_type": 12, "object_id": "4", "object_repr": "Sapiens - Uma breve historia da humanidade, por Harari, Yuval Noah, Pagina 300", "action_flag": 1, "change_message": "[{\"added\": {}}]"}}, {"model": "admin.logentry", "pk": 205, "fields": {"action_time": "2018-09-22T23:00:05.277Z", "user": 1, "content_type": 12, "object_id": "5", "object_repr": "Sapiens - Uma breve historia da humanidade, por Harari, Yuval Noah, Pagina 450", "action_flag": 1, "change_message": "[{\"added\": {}}]"}}, {"model": "admin.logentry", "pk": 206, "fields": {"action_time": "2018-09-22T23:00:42.107Z", "user": 1, "content_type": 12, "object_id": "6", "object_repr": "Sapiens - Uma breve historia da humanidade, por Harari, Yuval Noah, Pagina 464", "action_flag": 1, "change_message": "[{\"added\": {}}]"}}, {"model": "admin.logentry", "pk": 207, "fields": {"action_time": "2018-09-22T23:01:51.142Z", "user": 1, "content_type": 7, "object_id": "5", "object_repr": "Sapiens - Uma breve historia da humanidade, por Harari, Yuval Noah", "action_flag": 3, "change_message": ""}}, {"model": "admin.logentry", "pk": 208, "fields": {"action_time": "2018-09-23T01:00:29.798Z", "user": 1, "content_type": 7, "object_id": "6", "object_repr": "Pax, por Pennypacker, Sara", "action_flag": 3, "change_message": ""}}, {"model": "admin.logentry", "pk": 209, "fields": {"action_time": "2018-09-23T14:14:54.112Z", "user": 1, "content_type": 7, "object_id": "7", "object_repr": "Como ler livros, por Adler, Mortimer J.", "action_flag": 3, "change_message": ""}}, {"model": "admin.logentry", "pk": 210, "fields": {"action_time": "2018-09-23T14:15:35.108Z", "user": 1, "content_type": 7, "object_id": "8", "object_repr": "Rangers  - Ordem dos Arqueiros 01 - Ru\u00ednas de Gorlan, por Flanagan, John", "action_flag": 3, "change_message": ""}}, {"model": "admin.logentry", "pk": 211, "fields": {"action_time": "2018-09-23T14:40:18.489Z", "user": 1, "content_type": 7, "object_id": "9", "object_repr": "Meio Rei, por Abercrombie, Joe", "action_flag": 3, "change_message": ""}}, {"model": "admin.logentry", "pk": 212, "fields": {"action_time": "2018-09-23T14:48:16.318Z", "user": 1, "content_type": 9, "object_id": "39", "object_repr": "Young, William P.", "action_flag": 1, "change_message": "[{\"added\": {}}]"}}, {"model": "admin.logentry", "pk": 213, "fields": {"action_time": "2018-09-23T14:48:44.166Z", "user": 1, "content_type": 8, "object_id": "92", "object_repr": "A cabana, por Young, William P.", "action_flag": 1, "change_message": "[{\"added\": {}}]"}}, {"model": "admin.logentry", "pk": 214, "fields": {"action_time": "2018-09-23T15:45:57.249Z", "user": 1, "content_type": 8, "object_id": "51", "object_repr": "R\u00e1pido e devagar: duas formas de pensar, por Kahneman, Daniel", "action_flag": 2, "change_message": "[{\"changed\": {\"fields\": [\"serie\"]}}]"}}, {"model": "admin.logentry", "pk": 215, "fields": {"action_time": "2018-09-23T15:46:04.608Z", "user": 1, "content_type": 8, "object_id": "29", "object_repr": "Quatro Esta\u00e7\u00f5es, por King, Stephen", "action_flag": 2, "change_message": "[{\"changed\": {\"fields\": [\"serie\"]}}]"}}, {"model": "admin.logentry", "pk": 216, "fields": {"action_time": "2018-09-23T15:46:53.003Z", "user": 1, "content_type": 8, "object_id": "28", "object_repr": "Sobre a escrita, por King, Stephen", "action_flag": 2, "change_message": "[{\"changed\": {\"fields\": [\"serie\"]}}]"}}, {"model": "admin.logentry", "pk": 217, "fields": {"action_time": "2018-09-23T15:46:57.982Z", "user": 1, "content_type": 8, "object_id": "55", "object_repr": "Sonho Febril, por Martin, George R.R.", "action_flag": 2, "change_message": "[{\"changed\": {\"fields\": [\"serie\"]}}]"}}, {"model": "admin.logentry", "pk": 218, "fields": {"action_time": "2018-09-23T15:47:04.470Z", "user": 1, "content_type": 8, "object_id": "80", "object_repr": "Harry Potter e a Crian\u00e7a Amaldi\u00e7oada, por NENHUM, NENHUM", "action_flag": 2, "change_message": "[{\"changed\": {\"fields\": [\"serie\"]}}]"}}, {"model": "admin.logentry", "pk": 219, "fields": {"action_time": "2018-09-23T15:47:11.154Z", "user": 1, "content_type": 8, "object_id": "37", "object_repr": "o orfanato da srta. Peregrine para crian\u00e7as peculiares, por Riggs, Ransom", "action_flag": 2, "change_message": "[{\"changed\": {\"fields\": [\"serie\"]}}]"}}, {"model": "admin.logentry", "pk": 220, "fields": {"action_time": "2018-09-23T15:47:15.306Z", "user": 1, "content_type": 8, "object_id": "87", "object_repr": "Bilh\u00f5es e bilh\u00f5es, por Sagan, Carl", "action_flag": 2, "change_message": "[{\"changed\": {\"fields\": [\"serie\"]}}]"}}, {"model": "admin.logentry", "pk": 221, "fields": {"action_time": "2018-09-23T15:47:46.312Z", "user": 1, "content_type": 8, "object_id": "47", "object_repr": "Elantris, por Sanderson, Brandon", "action_flag": 2, "change_message": "[{\"changed\": {\"fields\": [\"serie\"]}}]"}}, {"model": "admin.logentry", "pk": 222, "fields": {"action_time": "2018-09-23T15:47:50.612Z", "user": 1, "content_type": 8, "object_id": "88", "object_repr": "Guerra e Paz, por Tolst\u00f3i, Leon", "action_flag": 2, "change_message": "[{\"changed\": {\"fields\": [\"serie\"]}}]"}}, {"model": "admin.logentry", "pk": 223, "fields": {"action_time": "2018-09-23T15:47:55.437Z", "user": 1, "content_type": 8, "object_id": "57", "object_repr": "Origens: catorze bilh\u00f5es de anos de evolu\u00e7\u00e3o c\u00f3smica, por Tyson, Neil deGrasse", "action_flag": 2, "change_message": "[{\"changed\": {\"fields\": [\"serie\"]}}]"}}, {"model": "admin.logentry", "pk": 224, "fields": {"action_time": "2018-09-23T15:48:00.622Z", "user": 1, "content_type": 8, "object_id": "81", "object_repr": "Vinte mil leguas submarinas, por Verne, Julio", "action_flag": 2, "change_message": "[{\"changed\": {\"fields\": [\"serie\"]}}]"}}, {"model": "admin.logentry", "pk": 225, "fields": {"action_time": "2018-09-23T15:48:08.496Z", "user": 1, "content_type": 8, "object_id": "89", "object_repr": "A vida secreta das \u00e1rvores, por Wohlleben, Peter", "action_flag": 2, "change_message": "[{\"changed\": {\"fields\": [\"serie\"]}}]"}}, {"model": "admin.logentry", "pk": 226, "fields": {"action_time": "2018-09-23T15:48:37.170Z", "user": 1, "content_type": 11, "object_id": "8", "object_repr": "NENHUM", "action_flag": 3, "change_message": ""}}, {"model": "admin.logentry", "pk": 227, "fields": {"action_time": "2018-09-23T18:25:50.643Z", "user": 1, "content_type": 7, "object_id": "2", "object_repr": "O rei dem\u00f4nio, por Chima, Cinda Williams", "action_flag": 2, "change_message": "[{\"changed\": {\"fields\": [\"leitor\"]}}]"}}, {"model": "admin.logentry", "pk": 228, "fields": {"action_time": "2018-09-23T18:27:11.404Z", "user": 1, "content_type": 4, "object_id": "2", "object_repr": "sinesio", "action_flag": 1, "change_message": "[{\"added\": {}}]"}}, {"model": "admin.logentry", "pk": 229, "fields": {"action_time": "2018-09-23T18:27:50.768Z", "user": 1, "content_type": 4, "object_id": "2", "object_repr": "sinesio", "action_flag": 2, "change_message": "[{\"changed\": {\"fields\": [\"first_name\", \"last_name\", \"email\"]}}]"}}, {"model": "admin.logentry", "pk": 230, "fields": {"action_time": "2018-09-23T18:28:05.056Z", "user": 1, "content_type": 7, "object_id": "10", "object_repr": "A cabana, por Young, William P.", "action_flag": 2, "change_message": "[{\"changed\": {\"fields\": [\"leitor\"]}}]"}}, {"model": "admin.logentry", "pk": 231, "fields": {"action_time": "2018-09-23T18:39:17.360Z", "user": 1, "content_type": 12, "object_id": "22", "object_repr": "O rei dem\u00f4nio, por Chima, Cinda Williams, Pagina 379", "action_flag": 3, "change_message": ""}}, {"model": "leituras.leitura", "pk": 2, "fields": {"livro": 46, "data": "2018-09-22T01:46:46.852Z", "dataUpdate": "2018-09-23T18:25:50.640Z", "leitor": 1}}, {"model": "leituras.leitura", "pk": 10, "fields": {"livro": 92, "data": "2018-09-23T14:49:02.315Z", "dataUpdate": "2018-09-23T18:28:05.054Z", "leitor": 2}}, {"model": "leituras.leitura", "pk": 12, "fields": {"livro": 45, "data": "2018-09-23T18:44:00.817Z", "dataUpdate": "2018-09-23T18:44:00.817Z", "leitor": 1}}, {"model": "leituras.leitura", "pk": 13, "fields": {"livro": 49, "data": "2018-10-08T16:42:20.807Z", "dataUpdate": "2018-10-08T16:42:20.807Z", "leitor": 1}}]